file	chunk	style	text
Opendat.gp	14	brush	祇園精舍之鐘聲
Opendat.gp	15	brush	有諸行無常之響
Opendat.gp	16	brush	沙羅雙樹之花色
Opendat.gp	17	brush	顯盛者必衰之理
Opendat.gp	44	narr	華麗的平安時代。/其背後，貴族們/為爭奪政治實權，/骨肉相殘，/紛爭不休。
Opendat.gp	45	narr	為平息紛爭，/朝廷借重武士之力，/源氏與平氏/兩大武士團遂興。
Opendat.gp	46	narr	其後平清盛/成為棟梁，平氏/勢力急速壯大。/於平治之亂擊破/宿敵源氏，將其逐出/政界，獨攬大權。
Opendat.gp	47	narr	倖存的源氏/四散於諸國。
Opendat.gp	48	narr	源氏嫡子頼朝/亦被流放伊豆，/受平氏監視。
Opendat.gp	49	narr	平氏專權跋扈，朝廷/上下不滿之聲四起。/反平氏之勢日盛，/終於，頼朝在伊豆、/義仲在木曽亦舉兵，/誓言討滅平氏一門。
Opendat.gp	50	narr	源氏舉兵前後，/清盛強行自京/遷都福原，與朝廷/對立日深。/此時傳來源氏/舉兵之報。
Opendat.gp	51	narr	清盛大怒，立即/下令追討源氏，/風雲告急。/如今，戰亂之世/即將來臨……
Enddat.gp	68	brush	驕者難長久，
Enddat.gp	69	brush	恰如春夜夢。
Enddat.gp	70	brush	猛者終必滅，
Enddat.gp	71	brush	宛若風前塵。
Enddat.gp	72	brush	盛者久享榮華
Enddat.gp	73	brush	治政掌握天下
Enddat.gp	74	brush	驕者必不長久
Enddat.gp	75	brush	恰如春夜一夢
Enddat.gp	76	brush	願將浮世無常
Enddat.gp	77	brush	託歌傳於後世
Enddat.gp	78	narr	長年戰亂告終，
Enddat.gp	79	narr	太平再度降臨。
Enddat.gp	80	narr	政治舞台之上，
Enddat.gp	81	narr	公卿貴族退場，
Enddat.gp	82	narr	武家取而代之。
Enddat.gp	83	narr	新時代就此揭幕。
