id	offsets	max_bytes	kind	original_ja	translation_zh
0	0x4A570,0x4A5B7,0x4A5FE,0x4A68C,0x4A761,0x4AAFC,0x4D640,0x4DE92,0x4DED9,0x4E6E4,0x4EF7D,0x50403,0x5044A,0x50491,0x504D8	2	name	源	
1	0x4A577,0x4A5BE,0x4A605,0x4A693,0x4A768,0x4AB03,0x4D647,0x4DE99,0x4DEE0,0x4E6EB,0x4EF84,0x5040A,0x50451,0x50498,0x504DF	4	reading	ﾐﾅﾓﾄ	
2	0x4A57E	4	name	頼朝	
3	0x4A583	4	reading	ﾖﾘﾄﾓ	
4	0x4A5C5,0x4C0AC	4	name	義経	
5	0x4A5CA,0x4C0B1	4	reading	ﾖｼﾂﾈ	
6	0x4A60C	4	name	範頼	
7	0x4A611	4	reading	ﾉﾘﾖﾘ	
8	0x4A645	4	name	阿野	
9	0x4A64C	2	reading	ｱﾉ	
10	0x4A653	4	name	全成	
11	0x4A658	5	reading	ｾﾞﾝｾｲ	
12	0x4A69A	4	name	義円	
13	0x4A69F	4	reading	ｷﾞｴﾝ	
14	0x4A6D3,0x4BE1F,0x4BEAD	4	name	武田	
15	0x4A6DA,0x4BE26,0x4BEB4	4	reading	ﾀｹﾀﾞ	
16	0x4A6E1	4	name	信義	
17	0x4A6E6	5	reading	ﾉﾌﾞﾖｼ	
18	0x4A71A,0x50AAB	4	name	一条	
19	0x4A721,0x50AB2	6	reading	ｲﾁｼﾞｮｳ	
20	0x4A728	4	name	忠頼	
21	0x4A72D	5	reading	ﾀﾀﾞﾖﾘ	
22	0x4A76F	4	name	行家	
23	0x4A774	4	reading	ﾕｷｲｴ	
24	0x4A7A8	4	name	多田	
25	0x4A7AF	3	reading	ﾀﾀﾞ	
26	0x4A7B6	4	name	行綱	
27	0x4A7BB	4	reading	ﾕｷﾂﾅ	
28	0x4A7EF,0x50566	4	name	安田	
29	0x4A7F6,0x5056D	4	reading	ﾔｽﾀﾞ	
30	0x4A7FD	4	name	義定	
31	0x4A802	5	reading	ﾖｼｻﾀﾞ	
32	0x4A836	4	name	浅利	
33	0x4A83D	3	reading	ｱｻﾘ	
34	0x4A844,0x4B096	4	name	与一	
35	0x4A849,0x4B09B	3	reading	ﾖｲﾁ	
36	0x4A87D,0x4ACA6	4	name	梶原	
37	0x4A884,0x4ACAD	5	reading	ｶｼﾞﾜﾗ	
38	0x4A88B	4	name	景時	
39	0x4A890	5	reading	ｶｹﾞﾄｷ	
40	0x4A8C4,0x50C55	4	name	土肥	
41	0x4A8CB,0x50C5C	3	reading	ﾄﾞﾋ	
42	0x4A8D2	4	name	実平	
43	0x4A8D7	4	reading	ｻﾈﾋﾗ	
44	0x4A90B,0x4EEA8	4	name	畠山	
45	0x4A912,0x4EEAF	5	reading	ﾊﾀｹﾔﾏ	
46	0x4A919,0x50602	4	name	重忠	
47	0x4A91E,0x50607	6	reading	ｼｹﾞﾀﾀﾞ	
48	0x4A952,0x4A999	4	name	北条	
49	0x4A959,0x4A9A0	6	reading	ﾎｳｼﾞｮｳ	
50	0x4A960	4	name	時政	
51	0x4A965	4	reading	ﾄｷﾏｻ	
52	0x4A9A7	4	name	義時	
53	0x4A9AC	4	reading	ﾖｼﾄｷ	
54	0x4A9E0,0x50FA9	4	name	和田	
55	0x4A9E7,0x50FB0	3	reading	ﾜﾀﾞ	
56	0x4A9EE,0x4AAC3	4	name	義盛	
57	0x4A9F3,0x4AAC8	4	reading	ﾖｼﾓﾘ	
58	0x4AA27	4	name	安達	
59	0x4AA2E,0x4C440	4	reading	ｱﾀﾞﾁ	
60	0x4AA35,0x4E310	4	name	盛長	
61	0x4AA3A,0x4E315	5	reading	ﾓﾘﾅｶﾞ	
62	0x4AA6E	4	name	天野	
63	0x4AA75	3	reading	ｱﾏﾉ	
64	0x4AA7C	4	name	遠景	
65	0x4AA81	5	reading	ﾄｵｶｹﾞ	
66	0x4AAB5	4	name	伊勢	
67	0x4AABC,0x51B99	2	reading	ｲｾ	
68	0x4AB0A	4	name	義仲	
69	0x4AB0F	4	reading	ﾖｼﾅｶ	
70	0x4AB43	4	name	今井	
71	0x4AB4A	3	reading	ｲﾏｲ	
72	0x4AB51	4	name	兼平	
73	0x4AB56,0x4FC52	4	reading	ｶﾈﾋﾗ	
74	0x4AB8A	4	name	猪俣	
75	0x4AB91	4	reading	ｲﾉﾏﾀ	
76	0x4AB98	4	name	則綱	
77	0x4AB9D	4	reading	ﾉﾘﾂﾅ	
78	0x4ABD1	4	name	岡崎	
79	0x4ABD8	5	reading	ｵｶｻﾞｷ	
80	0x4ABDF	4	name	義実	
81	0x4ABE4	5	reading	ﾖｼｻﾞﾈ	
82	0x4AC18	4	name	岡部	
83	0x4AC1F	4	reading	ｵｶﾍﾞ	
84	0x4AC26	4	name	忠澄	
85	0x4AC2B	6	reading	ﾀﾀﾞｽﾞﾐ	
86	0x4AC5F,0x4F7CF	4	name	小山	
87	0x4AC66,0x4F7D6	3	reading	ｵﾔﾏ	
88	0x4AC6D	4	name	朝政	
89	0x4AC72	4	reading	ﾄﾓﾏｻ	
90	0x4ACB4	4	name	景季	
91	0x4ACB9	5	reading	ｶｹﾞｽｴ	
92	0x4ACED	4	name	上総	
93	0x4ACF4,0x5200D	4	reading	ｶｽﾞｻ	
94	0x4ACFB	4	name	広常	
95	0x4AD00	4	reading	ﾋﾛﾂﾈ	
96	0x4AD34,0x4F85D	4	name	金子	
97	0x4AD3B,0x4F864	3	reading	ｶﾈｺ	
98	0x4AD42	4	name	家忠	
99	0x4AD47	5	reading	ｲｴﾀﾀﾞ	
100	0x4AD7B	4	name	河越	
101	0x4AD82	5	reading	ｶﾜｺﾞｴ	
102	0x4AD89	4	name	重頼	
103	0x4AD8E	5	reading	ｼｹﾞﾖﾘ	
104	0x4ADC2,0x4AE09	4	name	河原	
105	0x4ADC9,0x4AE10	3	reading	ｶﾜﾗ	
106	0x4ADD0,0x4D9A2	4	name	高直	
107	0x4ADD5,0x4D9A7	4	reading	ﾀｶﾅｵ	
108	0x4AE17,0x4F060	4	name	盛直	
109	0x4AE1C,0x4F065	4	reading	ﾓﾘﾅｵ	
110	0x4AE50,0x4F9C0	4	name	熊谷	
111	0x4AE57,0x4F9C7	5	reading	ｸﾏｶﾞｲ	
112	0x4AE5E	4	name	直実	
113	0x4AE63	5	reading	ﾅｵｻﾞﾈ	
114	0x4AE97,0x4E302,0x4E4F3	4	name	後藤	
115	0x4AE9E,0x4E309,0x4E4FA	4	reading	ｺﾞﾄｳ	
116	0x4AEA5	4	name	実基	
117	0x4AEAA	4	reading	ｻﾈﾓﾄ	
118	0x4AEDE,0x4AF25,0x4ED45,0x4ED8C,0x4EDD3	6	name	佐々木	
119	0x4AEE5,0x4AF2C,0x4ED4C,0x4ED93,0x4EDDA	3	reading	ｻｻｷ	
120	0x4AEEC,0x4EBA9	4	name	高綱	
121	0x4AEF1,0x4EBAE	4	reading	ﾀｶﾂﾅ	
122	0x4AF33	4	name	盛綱	
123	0x4AF38	4	reading	ﾓﾘﾂﾅ	
124	0x4AF6C,0x4AFB3,0x4EB54	4	name	佐藤	
125	0x4AF73,0x4AFBA,0x4EB5B	3	reading	ｻﾄｳ	
126	0x4AF7A	4	name	継信	
127	0x4AF7F	6	reading	ﾂｸﾞﾉﾌﾞ	
128	0x4AFC1	4	name	忠信	
129	0x4AFC6	6	reading	ﾀﾀﾞﾉﾌﾞ	
130	0x4AFFA,0x4FBF8	6	name	下河辺	
131	0x4B001,0x4FBFF	6	reading	ｼﾓｺｳﾍﾞ	
132	0x4B008	4	name	行平	
133	0x4B00D	4	reading	ﾕｷﾋﾗ	
134	0x4B041	4	name	手塚	
135	0x4B048	4	reading	ﾃﾂﾞｶ	
136	0x4B04F,0x4D5C0	4	name	光盛	
137	0x4B054,0x4D5C5	4	reading	ﾐﾂﾓﾘ	
138	0x4B088,0x50ED4	4	name	那須	
139	0x4B08F,0x50EDB	2	reading	ﾅｽ	
140	0x4B0CF,0x50DB8	4	name	比企	
141	0x4B0D6,0x50DBF	2	reading	ﾋｷ	
142	0x4B0DD	4	name	能員	
143	0x4B0E2	5	reading	ﾖｼｶｽﾞ	
144	0x4B116	4	name	樋口	
145	0x4B11D	4	reading	ﾋｸﾞﾁ	
146	0x4B124	4	name	兼光	
147	0x4B129	4	reading	ｶﾈﾐﾂ	
148	0x4B15D	4	name	平山	
149	0x4B164	4	reading	ﾋﾗﾔﾏ	
150	0x4B16B	4	name	季重	
151	0x4B170	5	reading	ｽｴｼｹﾞ	
152	0x4B1A4,0x4E03C	4	name	三浦	
153	0x4B1AB,0x4E043	3	reading	ﾐｳﾗ	
154	0x4B1B2	4	name	義澄	
155	0x4B1B7	5	reading	ﾖｼｽﾞﾐ	
156	0x4B1EB,0x4B232,0x4B279,0x4B2C0,0x4B307,0x4B34E,0x4B395,0x4B3DC,0x4B423,0x4B46A,0x4B4B1,0x4B4F8,0x4B53F,0x4B586,0x4B5CD,0x4B614,0x4B730,0x4B777,0x4B7BE,0x4C671,0x4CDEE,0x4D1D0,0x4D333,0x4D4DD,0x4D524,0x4D56B,0x4D6CE,0x4DAB0,0x4DAF7,0x4DB3E,0x4DB85,0x4DBCC,0x4DC13,0x4DC5A,0x4DE04,0x4E69D,0x4FE30,0x4FE77,0x4FEBE,0x4FF05,0x4FF4C,0x4FF93	2	name	平	
157	0x4B1F2,0x4B239,0x4B280,0x4B2C7,0x4B30E,0x4B355,0x4B39C,0x4B3E3,0x4B42A,0x4B471,0x4B4B8,0x4B4FF,0x4B546,0x4B58D,0x4B5D4,0x4B61B,0x4B737,0x4B77E,0x4B7C5,0x4C678,0x4CDF5,0x4D1D7,0x4D33A,0x4D4E4,0x4D52B,0x4D572,0x4D6D5,0x4DAB7,0x4DAFE,0x4DB45,0x4DB8C,0x4DBD3,0x4DC1A,0x4DC61,0x4DE0B,0x4E6A4,0x4FE37,0x4FE7E,0x4FEC5,0x4FF0C,0x4FF53,0x4FF9A	3	reading	ﾀｲﾗ	
158	0x4B1F9	4	name	清盛	
159	0x4B1FE	4	reading	ｷﾖﾓﾘ	
160	0x4B240	4	name	維盛	
161	0x4B245	4	reading	ｺﾚﾓﾘ	
162	0x4B287	4	name	宗盛	
163	0x4B28C	4	reading	ﾑﾈﾓﾘ	
164	0x4B2CE	4	name	敦盛	
165	0x4B2D3	4	reading	ｱﾂﾓﾘ	
166	0x4B315	4	name	重衡	
167	0x4B31A	5	reading	ｼｹﾞﾋﾗ	
168	0x4B35C	4	name	資盛	
169	0x4B361	4	reading	ｽｹﾓﾘ	
170	0x4B3A3	4	name	忠度	
171	0x4B3A8	5	reading	ﾀﾀﾞﾉﾘ	
172	0x4B3EA	4	name	経正	
173	0x4B3EF	4	reading	ﾂﾈﾏｻ	
174	0x4B431	4	name	時忠	
175	0x4B436	5	reading	ﾄｷﾀﾀﾞ	
176	0x4B478	4	name	知章	
177	0x4B47D	4	reading	ﾄﾓｱｷ	
178	0x4B4BF	4	name	知盛	
179	0x4B4C4	4	reading	ﾄﾓﾓﾘ	
180	0x4B506	4	name	教経	
181	0x4B50B	4	reading	ﾉﾘﾂﾈ	
182	0x4B54D	4	name	教盛	
183	0x4B552	4	reading	ﾉﾘﾓﾘ	
184	0x4B594	4	name	通盛	
185	0x4B599	4	reading	ﾐﾁﾓﾘ	
186	0x4B5DB	4	name	宗清	
187	0x4B5E0	4	reading	ﾑﾈｷﾖ	
188	0x4B622	4	name	頼盛	
189	0x4B627	4	reading	ﾖﾘﾓﾘ	
190	0x4B65B,0x4B6A2	2	name	城	
191	0x4B662,0x4B6A9	4	reading	ｼﾞｮｳ	
192	0x4B669	4	name	長茂	
193	0x4B66E	5	reading	ﾅｶﾞﾓﾁ	
194	0x4B6B0	4	name	資長	
195	0x4B6B5	5	reading	ｽｹﾅｶﾞ	
196	0x4B6E9,0x4DD76	4	name	瀬尾	
197	0x4B6F0,0x4DD7D	3	reading	ｾﾉｵ	
198	0x4B6F7	4	name	兼康	
199	0x4B6FC	4	reading	ｶﾈﾔｽ	
200	0x4B73E	4	name	貞能	
201	0x4B743	5	reading	ｻﾀﾞﾖｼ	
202	0x4B785	4	name	盛国	
203	0x4B78A	4	reading	ﾓﾘｸﾆ	
204	0x4B7CC	4	name	盛俊	
205	0x4B7D1	4	reading	ﾓﾘﾄｼ	
206	0x4B805,0x4B84C,0x4D9DB,0x4DA22	4	name	足利	
207	0x4B80C,0x4B853,0x4D9E2,0x4DA29	5	reading	ｱｼｶｶﾞ	
208	0x4B813,0x4D150	4	name	忠綱	
209	0x4B818,0x4D155	5	reading	ﾀﾀﾞﾂﾅ	
210	0x4B85A	4	name	俊綱	
211	0x4B85F	4	reading	ﾄｼﾂﾅ	
212	0x4B893,0x4B8DA	4	name	伊東	
213	0x4B89A,0x4B8E1	3	reading	ｲﾄｳ	
214	0x4B8A1	4	name	祐親	
215	0x4B8A6	4	reading	ｽｹﾁｶ	
216	0x4B8E8	4	name	祐清	
217	0x4B8ED	4	reading	ｽｹｷﾖ	
218	0x4B921,0x4B968	4	name	大庭	
219	0x4B928,0x4B96F	4	reading	ｵｵﾊﾞ	
220	0x4B92F	4	name	景親	
221	0x4B934	5	reading	ｶｹﾞﾁｶ	
222	0x4B976	4	name	景義	
223	0x4B97B	5	reading	ｶｹﾞﾖｼ	
224	0x4B9AF	4	name	斉藤	
225	0x4B9B6	4	reading	ｻｲﾄｳ	
226	0x4B9BD	4	name	実盛	
227	0x4B9C2	4	reading	ｻﾈﾓﾘ	
228	0x4B9F6	4	name	田口	
229	0x4B9FD	4	reading	ﾀｸﾞﾁ	
230	0x4BA04,0x4EEB6	4	name	重能	
231	0x4BA09,0x4EEBB	5	reading	ｼｹﾞﾖｼ	
232	0x4BA3D	4	name	山鹿	
233	0x4BA44	4	reading	ﾔﾏｶﾞ	
234	0x4BA4B	4	name	秀遠	
235	0x4BA50	5	reading	ﾋﾃﾞﾄｵ	
236	0x4BA84,0x4BB12,0x4BB59,0x4BBA0,0x4BBE7,0x4C81B,0x4CD19,0x4D142,0x4D189,0x4D217,0x4E656,0x4E800,0x4EA7F,0x4EAC6,0x4EB0D,0x5032E	4	name	藤原	
237	0x4BA8B,0x4BB19,0x4BB60,0x4BBA7,0x4BBEE,0x4C822,0x4CD20,0x4D149,0x4D190,0x4D21E,0x4E65D,0x4E807,0x4EA86,0x4EACD,0x4EB14,0x50335	5	reading	ﾌｼﾞﾜﾗ	
238	0x4BA92	4	name	景家	
239	0x4BA97	5	reading	ｶｹﾞｲｴ	
240	0x4BACB,0x4E390,0x50682,0x506C9	4	name	湯浅	
241	0x4BAD2,0x4E397,0x50689,0x506D0	3	reading	ﾕｱｻ	
242	0x4BAD9	4	name	宗重	
243	0x4BADE	5	reading	ﾑﾈｼｹﾞ	
244	0x4BB20	4	name	秀衡	
245	0x4BB25	5	reading	ﾋﾃﾞﾋﾗ	
246	0x4BB67	4	name	国衡	
247	0x4BB6C,0x4FA61	4	reading	ｸﾆﾋﾗ	
248	0x4BBAE	4	name	泰衡	
249	0x4BBB3	4	reading	ﾔｽﾋﾗ	
250	0x4BBF5	4	name	忠衡	
251	0x4BBFA	5	reading	ﾀﾀﾞﾋﾗ	
252	0x4BC2E,0x4BC75,0x4BCBC,0x4BD03	4	name	佐竹	
253	0x4BC35,0x4BC7C,0x4BCC3,0x4BD0A	3	reading	ｻﾀｹ	
254	0x4BC3C,0x4F298	4	name	隆義	
255	0x4BC41,0x4F29D	4	reading	ﾀｶﾖｼ	
256	0x4BC83	4	name	秀義	
257	0x4BC88	5	reading	ﾋﾃﾞﾖｼ	
258	0x4BCCA	4	name	忠義	
259	0x4BCCF	5	reading	ﾀﾀﾞﾖｼ	
260	0x4BD11	4	name	昌成	
261	0x4BD16	4	reading	ﾏｻﾅﾘ	
262	0x4BD4A	4	name	志太	
263	0x4BD51	3	reading	ｼﾀﾞ	
264	0x4BD58	4	name	義広	
265	0x4BD5D	4	reading	ﾖｼﾋﾛ	
266	0x4BD91	4	name	桜庭	
267	0x4BD98	5	reading	ｻｸﾗﾊﾞ	
268	0x4BD9F	4	name	能遠	
269	0x4BDA4	4	reading	ﾖｼﾄｵ	
270	0x4BDD8	4	name	田内	
271	0x4BDDF	5	reading	ﾃﾞﾝﾅｲ	
272	0x4BDE6	4	name	教能	
273	0x4BDEB	4	reading	ﾉﾘﾖｼ	
274	0x4BE2D	4	name	有義	
275	0x4BE32	4	reading	ｱﾘﾖｼ	
276	0x4BE66	4	name	板垣	
277	0x4BE6D	5	reading	ｲﾀｶﾞｷ	
278	0x4BE74	4	name	兼信	
279	0x4BE79	5	reading	ｶﾈﾉﾌﾞ	
280	0x4BEBB	4	name	信光	
281	0x4BEC0	5	reading	ﾉﾌﾞﾐﾂ	
282	0x4BEF4,0x4BF3B	4	name	新田	
283	0x4BEFB,0x4BF42,0x4C487	3	reading	ﾆｯﾀ	
284	0x4BF02	4	name	義重	
285	0x4BF07	5	reading	ﾖｼｼｹﾞ	
286	0x4BF49,0x4CED1,0x4CFED,0x4DA30	4	name	義兼	
287	0x4BF4E,0x4CED6,0x4CFF2,0x4DA35	4	reading	ﾖｼｶﾈ	
288	0x4BF82	4	name	山名	
289	0x4BF89	3	reading	ﾔﾏﾅ	
290	0x4BF90,0x4DF2E	4	name	義範	
291	0x4BF95,0x4DF33	4	reading	ﾖｼﾉﾘ	
292	0x4BFC9,0x4CC8B,0x50259,0x502A0,0x50C9C,0x50CE3	4	name	中原	
293	0x4BFD0,0x4CC92,0x50260,0x502A7,0x50CA3,0x50CEA	4	reading	ﾅｶﾊﾗ	
294	0x4BFD7	4	name	兼遠	
295	0x4BFDC,0x4E9BD	4	reading	ｶﾈﾄｵ	
296	0x4C010	4	name	根井	
297	0x4C017	3	reading	ﾈﾉｲ	
298	0x4C01E	4	name	幸親	
299	0x4C023	4	reading	ﾕｷﾁｶ	
300	0x4C057	2	name	楯	
301	0x4C05E	2	reading	ﾀﾃ	
302	0x4C065	4	name	親忠	
303	0x4C06A	5	reading	ﾁｶﾀﾀﾞ	
304	0x4C09E,0x4CF98	4	name	山本	
305	0x4C0A5,0x4CF9F	4	reading	ﾔﾏﾓﾄ	
306	0x4C0E5	6	name	武蔵坊	
307	0x4C0EC	6	reading	ﾑｻｼﾎﾞｳ	
308	0x4C0F3	4	name	弁慶	
309	0x4C0F8	5	reading	ﾍﾞﾝｹｲ	
310	0x4C12C	4	name	八田	
311	0x4C133	3	reading	ﾊｯﾀ	
312	0x4C13A	4	name	知家	
313	0x4C13F	4	reading	ﾄﾓｲｴ	
314	0x4C173,0x5013D	4	name	豊島	
315	0x4C17A	3	reading	ﾄｼﾏ	
316	0x4C181	4	name	清光	
317	0x4C186	4	reading	ｷﾖﾐﾂ	
318	0x4C1BA	4	name	結城	
319	0x4C1C1	3	reading	ﾕｳｷ	
320	0x4C1C8	4	name	朝光	
321	0x4C1CD	4	reading	ﾄﾓﾐﾂ	
322	0x4C201	4	name	葛西	
323	0x4C208	3	reading	ｶｻｲ	
324	0x4C20F,0x4F5A5	4	name	清重	
325	0x4C214,0x4F5AA	5	reading	ｷﾖｼｹﾞ	
326	0x4C248,0x5079E	6	name	宇佐美	
327	0x4C24F,0x507A5	3	reading	ｳｻﾐ	
328	0x4C256	4	name	祐茂	
329	0x4C25B	4	reading	ｽｹﾓﾁ	
330	0x4C28F,0x4C3AB,0x4F979	4	name	工藤	
331	0x4C296,0x4C3B2,0x4F980	4	reading	ｸﾄﾞｳ	
332	0x4C29D	4	name	祐経	
333	0x4C2A2	4	reading	ｽｹﾂﾈ	
334	0x4C2D6	4	name	平賀	
335	0x4C2DD	4	reading	ﾋﾗｶﾞ	
336	0x4C2E4	4	name	義信	
337	0x4C2E9	5	reading	ﾖｼﾉﾌﾞ	
338	0x4C31D	4	name	安西	
339	0x4C324	5	reading	ｱﾝｻﾞｲ	
340	0x4C32B	4	name	景益	
341	0x4C330	5	reading	ｶｹﾞﾏｽ	
342	0x4C364,0x4D026	6	name	加賀美	
343	0x4C36B,0x4D02D	4	reading	ｶｶﾞﾐ	
344	0x4C372	4	name	長清	
345	0x4C377	5	reading	ﾅｶﾞｷﾖ	
346	0x4C3B9	4	name	親光	
347	0x4C3BE	4	reading	ﾁｶﾐﾂ	
348	0x4C3F2,0x500F6	4	name	千葉	
349	0x4C3F9,0x500FD	3	reading	ﾁﾊﾞ	
350	0x4C400	4	name	常胤	
351	0x4C405	4	reading	ﾂﾈﾀﾈ	
352	0x4C439	4	name	足立	
353	0x4C447	4	name	遠元	
354	0x4C44C	4	reading	ﾄｵﾓﾄ	
355	0x4C480	4	name	仁田	
356	0x4C48E	4	name	忠常	
357	0x4C493	5	reading	ﾀﾀﾞﾂﾈ	
358	0x4C4C7	4	name	江戸	
359	0x4C4CE	3	reading	ｴﾄﾞ	
360	0x4C4D5	4	name	重長	
361	0x4C4DA	6	reading	ｼｹﾞﾅｶﾞ	
362	0x4C50E	4	name	渋谷	
363	0x4C515	4	reading	ｼﾌﾞﾔ	
364	0x4C51C	4	name	重国	
365	0x4C521	5	reading	ｼｹﾞｸﾆ	
366	0x4C555,0x4C59C	4	name	鎌田	
367	0x4C55C,0x4C5A3	3	reading	ｶﾏﾀ	
368	0x4C563	4	name	光政	
369	0x4C568	4	reading	ﾐﾂﾏｻ	
370	0x4C5AA	4	name	盛政	
371	0x4C5AF	4	reading	ﾓﾘﾏｻ	
372	0x4C5E3,0x4F8EB	4	name	河村	
373	0x4C5EA,0x4F8F2	4	reading	ｶﾜﾑﾗ	
374	0x4C5F1	4	name	義秀	
375	0x4C5F6	5	reading	ﾖｼﾋﾃﾞ	
376	0x4C62A,0x4F788	2	name	橘	
377	0x4C631,0x4F78F	5	reading	ﾀﾁﾊﾞﾅ	
378	0x4C638	4	name	遠茂	
379	0x4C63D	4	reading	ﾄｵﾓﾁ	
380	0x4C67F	4	name	経盛	
381	0x4C684	4	reading	ﾂﾈﾓﾘ	
382	0x4C6B8	6	name	津波田	
383	0x4C6BF	4	reading	ﾂﾊﾀﾞ	
384	0x4C6C6,0x503CA	4	name	宗親	
385	0x4C6CB,0x503CF	4	reading	ﾑﾈﾁｶ	
386	0x4C6FF	4	name	橋田	
387	0x4C706	4	reading	ﾊｼﾀﾞ	
388	0x4C70D,0x4F708	4	name	太郎	
389	0x4C712,0x4F70D	3	reading	ﾀﾛｳ	
390	0x4C746	4	name	小沢	
391	0x4C74D	4	reading	ｵｻﾞﾜ	
392	0x4C754	4	name	景俊	
393	0x4C759	5	reading	ｶｹﾞﾄｼ	
394	0x4C78D	4	name	笠原	
395	0x4C794	4	reading	ｶｻﾊﾗ	
396	0x4C79B	4	name	頼直	
397	0x4C7A0	4	reading	ﾖﾘﾅｵ	
398	0x4C7D4	4	name	富部	
399	0x4C7DB	3	reading	ﾄﾍﾞ	
400	0x4C7E2	4	name	家俊	
401	0x4C7E7	4	reading	ｲｴﾄｼ	
402	0x4C829,0x50458	4	name	忠清	
403	0x4C82E,0x5045D	5	reading	ﾀﾀﾞｷﾖ	
404	0x4C862,0x4C8A9,0x4C8F0,0x4FA07	4	name	河野	
405	0x4C869,0x4C8B0,0x4C8F7,0x4FA0E	3	reading	ｺｳﾉ	
406	0x4C870	4	name	通清	
407	0x4C875	4	reading	ﾐﾁｷﾖ	
408	0x4C8B7	4	name	通信	
409	0x4C8BC	5	reading	ﾐﾁﾉﾌﾞ	
410	0x4C8FE	4	name	通経	
411	0x4C903	4	reading	ﾐﾁﾂﾈ	
412	0x4C937	4	name	沼田	
413	0x4C93E	3	reading	ﾇﾏﾀ	
414	0x4C945,0x4E92A,0x509E4	4	name	次郎	
415	0x4C94A,0x4E92F,0x509E9	4	reading	ｼﾞﾛｳ	
416	0x4C97E	4	name	熊野	
417	0x4C985	3	reading	ｸﾏﾉ	
418	0x4C98C	4	name	湛増	
419	0x4C991	5	reading	ﾀﾝｿﾞｳ	
420	0x4C9C5	4	name	佐伯	
421	0x4C9CC	3	reading	ｻｴｷ	
422	0x4C9D3	4	name	景弘	
423	0x4C9D8	5	reading	ｶｹﾞﾋﾛ	
424	0x4CA0C	4	name	原田	
425	0x4CA13	4	reading	ﾊﾗﾀﾞ	
426	0x4CA1A	4	name	種直	
427	0x4CA1F	4	reading	ﾀﾈﾅｵ	
428	0x4CA53	4	name	緒方	
429	0x4CA5A	4	reading	ｵｶﾞﾀ	
430	0x4CA61	4	name	惟能	
431	0x4CA66,0x4D080	4	reading	ｺﾚﾖｼ	
432	0x4CA9A	4	name	臼杵	
433	0x4CAA1	3	reading	ｳｽｷ	
434	0x4CAA8	4	name	惟隆	
435	0x4CAAD	4	reading	ｺﾚﾀｶ	
436	0x4CAE1	4	name	佐賀	
437	0x4CAE8	3	reading	ｻｶﾞ	
438	0x4CAEF	4	name	惟憲	
439	0x4CAF4	4	reading	ｺﾚﾉﾘ	
440	0x4CB28,0x4F932	4	name	草野	
441	0x4CB2F,0x4F939	3	reading	ｸｻﾉ	
442	0x4CB36	4	name	永平	
443	0x4CB3B	5	reading	ﾅｶﾞﾋﾗ	
444	0x4CB6F,0x4FA4E	4	name	近藤	
445	0x4CB76,0x4FA55	5	reading	ｺﾝﾄﾞｳ	
446	0x4CB7D,0x4F442	4	name	親家	
447	0x4CB82,0x4F447	4	reading	ﾁｶｲｴ	
448	0x4CBB6	4	name	首藤	
449	0x4CBBD	4	reading	ｽﾄﾞｳ	
450	0x4CBC4,0x4DBDA	4	name	経俊	
451	0x4CBC9,0x4DBDF	4	reading	ﾂﾈﾄｼ	
452	0x4CBFD	4	name	大江	
453	0x4CC04	3	reading	ｵｵｴ	
454	0x4CC0B	4	name	広元	
455	0x4CC10,0x4F0F3	4	reading	ﾋﾛﾓﾄ	
456	0x4CC44	4	name	三善	
457	0x4CC4B	3	reading	ﾐﾖｼ	
458	0x4CC52	4	name	康信	
459	0x4CC57	5	reading	ﾔｽﾉﾌﾞ	
460	0x4CC99	4	name	親能	
461	0x4CC9E	4	reading	ﾁｶﾖｼ	
462	0x4CCE0	2	name	巴	
463	0x4CCE5	3	reading	ﾄﾓｴ	
464	0x4CD27	4	name	景清	
465	0x4CD2C	5	reading	ｶｹﾞｷﾖ	
466	0x4CD6E	4	name	勢至	
467	0x4CD73	3	reading	ｾｲｼ	
468	0x4CDA7	4	name	難波	
469	0x4CDAE	4	reading	ﾅﾝﾊﾞ	
470	0x4CDB5	4	name	経遠	
471	0x4CDBA	4	reading	ﾂﾈﾄｵ	
472	0x4CDFC	4	name	行盛	
473	0x4CE01	4	reading	ﾕｷﾓﾘ	
474	0x4CE35	4	name	手島	
475	0x4CE3C,0x50144	3	reading	ﾃｼﾏ	
476	0x4CE43	4	name	高頼	
477	0x4CE48	4	reading	ﾀｶﾖﾘ	
478	0x4CE7C,0x4F741	4	name	太田	
479	0x4CE83,0x4F748	3	reading	ｵｵﾀ	
480	0x4CE8A	4	name	頼基	
481	0x4CE8F	4	reading	ﾖﾘﾓﾄ	
482	0x4CEC3	4	name	石川	
483	0x4CECA	4	reading	ｲｼｶﾜ	
484	0x4CF0A,0x4CF51	4	name	宇野	
485	0x4CF11,0x4CF58	2	reading	ｳﾉ	
486	0x4CF18	4	name	親治	
487	0x4CF1D	4	reading	ﾁｶﾊﾙ	
488	0x4CF5F	4	name	有治	
489	0x4CF64	4	reading	ｱﾘﾊﾙ	
490	0x4CFA6,0x4D64E	4	name	義高	
491	0x4CFAB,0x4D653	4	reading	ﾖｼﾀｶ	
492	0x4CFDF	4	name	柏木	
493	0x4CFE6	5	reading	ｶｼﾜｷﾞ	
494	0x4D034	4	name	遠光	
495	0x4D039	4	reading	ﾄｵﾐﾂ	
496	0x4D06D	4	name	大内	
497	0x4D074	4	reading	ｵｵｳﾁ	
498	0x4D07B	4	name	惟義	
499	0x4D0B4	6	name	長谷部	
500	0x4D0BB	4	reading	ﾊｾﾍﾞ	
501	0x4D0C2	4	name	信連	
502	0x4D0C7	5	reading	ﾉﾌﾞﾂﾗ	
503	0x4D0FB	4	name	筒井	
504	0x4D102	3	reading	ﾂﾂｲ	
505	0x4D109	4	name	明秀	
506	0x4D10E	5	reading	ﾒｲｼｭｳ	
507	0x4D197	4	name	景高	
508	0x4D19C	5	reading	ｶｹﾞﾀｶ	
509	0x4D1DE	4	name	盛嗣	
510	0x4D1E3	5	reading	ﾓﾘﾂｸﾞ	
511	0x4D225	4	name	忠光	
512	0x4D22A	5	reading	ﾀﾀﾞﾐﾂ	
513	0x4D25E	4	name	佐貫	
514	0x4D265,0x4DF27	3	reading	ｻﾇｷ	
515	0x4D26C,0x504E6	4	name	広綱	
516	0x4D271,0x504EB	4	reading	ﾋﾛﾂﾅ	
517	0x4D2A5	4	name	桐生	
518	0x4D2AC	4	reading	ｷﾘｭｳ	
519	0x4D2B3	4	name	六郎	
520	0x4D2B8	4	reading	ﾛｸﾛｳ	
521	0x4D2EC	4	name	日野	
522	0x4D2F3	2	reading	ﾋﾉ	
523	0x4D2FA	4	name	十郎	
524	0x4D2FF	6	reading	ｼﾞｭｳﾛｳ	
525	0x4D341	4	name	清宗	
526	0x4D346	4	reading	ｷﾖﾑﾈ	
527	0x4D37A,0x50DFF	6	name	宇都宮	
528	0x4D381,0x50E06	5	reading	ｳﾂﾉﾐﾔ	
529	0x4D388	4	name	朝綱	
530	0x4D38D	4	reading	ﾄﾓﾂﾅ	
531	0x4D3C1	2	name	坂	
532	0x4D3C8	2	reading	ｻｶ	
533	0x4D3CF	4	name	永覚	
534	0x4D3D4	5	reading	ﾖｳｶﾞｸ	
535	0x4D416	4	name	永縁	
536	0x4D41B	4	reading	ﾖｳｴﾝ	
537	0x4D44F	4	name	宇佐	
538	0x4D456	2	reading	ｳｻ	
539	0x4D45D	4	name	公通	
540	0x4D462	4	reading	ｷﾐﾐﾁ	
541	0x4D496	2	name	額	
542	0x4D49D	2	reading	ﾇｶ	
543	0x4D4A4	4	name	西寂	
544	0x4D4A9	6	reading	ｻｲｼﾞｬｸ	
545	0x4D4EB	4	name	清経	
546	0x4D4F0	4	reading	ｷﾖﾂﾈ	
547	0x4D532	4	name	有盛	
548	0x4D537	4	reading	ｱﾘﾓﾘ	
549	0x4D579	4	name	忠房	
550	0x4D57E	5	reading	ﾀﾀﾞﾌｻ	
551	0x4D5B2	4	name	井上	
552	0x4D5B9	4	reading	ｲﾉｳｴ	
553	0x4D607	4	name	乗丹	
554	0x4D60C	6	reading	ｼﾞｮｳﾀﾝ	
555	0x4D687,0x4DD2F	4	name	海野	
556	0x4D68E,0x4DD36	3	reading	ｳﾝﾉ	
557	0x4D695	4	name	幸氏	
558	0x4D69A	5	reading	ﾕｷｳｼﾞ	
559	0x4D6DC	4	name	清房	
560	0x4D6E1	4	reading	ｷﾖﾌｻ	
561	0x4D723	4	name	斎明	
562	0x4D728	4	reading	ｻｲﾒｲ	
563	0x4D75C	4	name	稲津	
564	0x4D763	4	reading	ｲﾅﾂﾞ	
565	0x4D76A	4	name	新介	
566	0x4D76F	4	reading	ｼﾝｽｹ	
567	0x4D7A3	2	name	林	
568	0x4D7AA	3	reading	ﾊﾔｼ	
569	0x4D7B1	4	name	光明	
570	0x4D7B6	5	reading	ﾐﾂｱｷﾗ	
571	0x4D7EA	4	name	落合	
572	0x4D7F1	4	reading	ｵﾁｱｲ	
573	0x4D7F8	4	name	兼行	
574	0x4D7FD	4	reading	ｶﾈﾕｷ	
575	0x4D831	6	name	大夫房	
576	0x4D838	6	reading	ﾀﾕｳﾎﾞｳ	
577	0x4D83F	4	name	覚明	
578	0x4D844	5	reading	ｶｸﾐｮｳ	
579	0x4D878,0x4D8BF	4	name	倉光	
580	0x4D87F,0x4D8C6	4	reading	ｸﾗﾐﾂ	
581	0x4D886	4	name	成澄	
582	0x4D88B	5	reading	ﾅﾘｽﾞﾐ	
583	0x4D8CD	4	name	成氏	
584	0x4D8D2	5	reading	ﾅﾘｳｼﾞ	
585	0x4D906	4	name	俣野	
586	0x4D90D	3	reading	ﾏﾀﾉ	
587	0x4D914	4	name	景久	
588	0x4D919	5	reading	ｶｹﾞﾋｻ	
589	0x4D94D	4	name	入善	
590	0x4D954	6	reading	ﾆｭｳｾﾞﾝ	
591	0x4D95B	4	name	行重	
592	0x4D960	5	reading	ﾕｷｼｹﾞ	
593	0x4D994	4	name	菊池	
594	0x4D99B	3	reading	ｷｸﾁ	
595	0x4D9E9,0x4EDE1	4	name	義清	
596	0x4D9EE,0x4EDE6	4	reading	ﾖｼｷﾖ	
597	0x4DA69	4	name	高橋	
598	0x4DA70	4	reading	ﾀｶﾊｼ	
599	0x4DA77	4	name	長綱	
600	0x4DA7C	5	reading	ﾅｶﾞﾂﾅ	
601	0x4DABE	4	name	時実	
602	0x4DAC3	5	reading	ﾄｷｻﾞﾈ	
603	0x4DB05	4	name	六代	
604	0x4DB0A	5	reading	ﾛｸﾀﾞｲ	
605	0x4DB4C	4	name	師盛	
606	0x4DB51	4	reading	ﾓﾛﾓﾘ	
607	0x4DB93	4	name	清定	
608	0x4DB98	5	reading	ｷﾖｻﾀﾞ	
609	0x4DC21	4	name	業盛	
610	0x4DC26	4	reading	ﾅﾘﾓﾘ	
611	0x4DC68	4	name	正明	
612	0x4DC6D	5	reading	ﾏｻｱｷﾗ	
613	0x4DCA1	4	name	野尻	
614	0x4DCA8	4	reading	ﾉｼﾞﾘ	
615	0x4DCAF	4	name	惟村	
616	0x4DCB4	4	reading	ｺﾚﾑﾗ	
617	0x4DCE8	4	name	紀伊	
618	0x4DCEF	2	reading	ｷｲ	
619	0x4DCF6	4	name	通資	
620	0x4DCFB	4	reading	ﾐﾁｽｹ	
621	0x4DD3D	4	name	行広	
622	0x4DD42	4	reading	ﾕｷﾋﾛ	
623	0x4DD84	4	name	宗康	
624	0x4DD89	4	reading	ﾑﾈﾔｽ	
625	0x4DDBD,0x4E111	4	name	伊賀	
626	0x4DDC4,0x4E118	3	reading	ｲｶﾞ	
627	0x4DDCB,0x4E473	4	name	家長	
628	0x4DDD0,0x4E478	5	reading	ｲｴﾅｶﾞ	
629	0x4DE12	4	name	知康	
630	0x4DE17	4	reading	ﾄﾓﾔｽ	
631	0x4DE4B	4	name	茅野	
632	0x4DE52	2	reading	ﾁﾉ	
633	0x4DE59	4	name	光広	
634	0x4DE5E,0x50914	4	reading	ﾐﾂﾋﾛ	
635	0x4DEA0	4	name	義嗣	
636	0x4DEA5	5	reading	ﾖｼﾂｷﾞ	
637	0x4DEE7,0x4E1AD	4	name	義久	
638	0x4DEEC,0x4E1B2	4	reading	ﾖｼﾋｻ	
639	0x4DF20	4	name	讃岐	
640	0x4DF67	4	name	安摩	
641	0x4DF6E	2	reading	ｱﾏ	
642	0x4DF75	4	name	忠景	
643	0x4DF7A	6	reading	ﾀﾀﾞｶｹﾞ	
644	0x4DFAE	4	name	園辺	
645	0x4DFB5	4	reading	ｿﾉﾍﾞ	
646	0x4DFBC	4	name	忠康	
647	0x4DFC1	5	reading	ﾀﾀﾞﾔｽ	
648	0x4DFF5	4	name	田代	
649	0x4DFFC	3	reading	ﾀｼﾛ	
650	0x4E003	4	name	信綱	
651	0x4E008	5	reading	ﾉﾌﾞﾂﾅ	
652	0x4E04A	4	name	義村	
653	0x4E04F	4	reading	ﾖｼﾑﾗ	
654	0x4E056	3	name	韮 	
655	0x4E083	4	name	佐原	
656	0x4E08A	3	reading	ｻﾊﾗ	
657	0x4E091	4	name	義連	
658	0x4E096	4	reading	ﾖｼﾂﾗ	
659	0x4E0CA	4	name	片岡	
660	0x4E0D1	4	reading	ｶﾀｵｶ	
661	0x4E0D8	4	name	常春	
662	0x4E0DD	4	reading	ﾂﾈﾊﾙ	
663	0x4E11F	4	name	清家	
664	0x4E124	4	reading	ｷﾖｲｴ	
665	0x4E158	4	name	海老	
666	0x4E15F	2	reading	ｴﾐ	
667	0x4E166	4	name	盛方	
668	0x4E16B	4	reading	ﾓﾘｶﾀ	
669	0x4E19F	4	name	鷲尾	
670	0x4E1A6	3	reading	ﾜｼｵ	
671	0x4E1E6	6	name	後藤内	
672	0x4E1ED	6	reading	ｺﾞﾄｳﾅｲ	
673	0x4E1F4	4	name	定経	
674	0x4E1F9	5	reading	ｻﾀﾞﾂﾈ	
675	0x4E22D	4	name	武智	
676	0x4E234	3	reading	ﾀｹﾁ	
677	0x4E23B	4	name	清教	
678	0x4E240	4	reading	ｷﾖﾉﾘ	
679	0x4E274,0x4E2BB	6	name	真名辺	
680	0x4E27B,0x4E2C2	4	reading	ﾏﾅﾍﾞ	
681	0x4E282	4	name	四郎	
682	0x4E287	3	reading	ｼﾛｳ	
683	0x4E2C9	4	name	五郎	
684	0x4E2CE	4	reading	ｺﾞﾛｳ	
685	0x4E349	4	name	監物	
686	0x4E350	4	reading	ｹﾝﾓﾂ	
687	0x4E357	4	name	頼方	
688	0x4E35C	4	reading	ﾖﾘｶﾀ	
689	0x4E39E	4	name	宗光	
690	0x4E3A3	4	reading	ﾑﾈﾐﾂ	
691	0x4E3D7,0x4E7B9	4	name	平田	
692	0x4E3DE,0x4E7C0	3	reading	ﾋﾗﾀ	
693	0x4E3E5	4	name	家継	
694	0x4E3EA	5	reading	ｲｴﾂｸﾞ	
695	0x4E41E	4	name	土屋	
696	0x4E425	3	reading	ﾂﾁﾔ	
697	0x4E42C	4	name	宗遠	
698	0x4E431	4	reading	ﾑﾈﾄｵ	
699	0x4E465	4	name	中条	
700	0x4E46C	6	reading	ﾅｶｼﾞｮｳ	
701	0x4E4AC	6	name	土佐房	
702	0x4E4B3	6	reading	ﾄｻﾉﾎﾞｳ	
703	0x4E4BA	4	name	昌俊	
704	0x4E4BF	6	reading	ｼｮｳｼｭﾝ	
705	0x4E501	4	name	基清	
706	0x4E506	4	reading	ﾓﾄｷﾖ	
707	0x4E53A	4	name	仁井	
708	0x4E541	2	reading	ﾆｲ	
709	0x4E548	4	name	親清	
710	0x4E54D	4	reading	ﾁｶｷﾖ	
711	0x4E581,0x4F434	2	name	堀	
712	0x4E588,0x4F43B	2	reading	ﾎﾘ	
713	0x4E58F	4	name	親経	
714	0x4E594	4	reading	ﾁｶﾂﾈ	
715	0x4E5C8,0x4E60F,0x509D6	4	name	安芸	
716	0x4E5CF,0x4E616,0x509DD	2	reading	ｱｷ	
717	0x4E5D6	4	name	実康	
718	0x4E5DB	4	reading	ｻﾈﾔｽ	
719	0x4E61D	4	name	実光	
720	0x4E622	4	reading	ｻﾈﾐﾂ	
721	0x4E664	4	name	景経	
722	0x4E669	5	reading	ｶｹﾞﾂﾈ	
723	0x4E6AB	4	name	時家	
724	0x4E6B0	4	reading	ﾄｷｲｴ	
725	0x4E6F2	4	name	希義	
726	0x4E6F7	4	reading	ﾏﾚﾖｼ	
727	0x4E72B	4	name	夜須	
728	0x4E732	2	reading	ﾔｽ	
729	0x4E739	4	name	行宗	
730	0x4E73E	4	reading	ﾕｷﾑﾈ	
731	0x4E772	4	name	蓮池	
732	0x4E779	4	reading	ﾊｽｲｹ	
733	0x4E780	4	name	家綱	
734	0x4E785	4	reading	ｲｴﾂﾅ	
735	0x4E7C7	4	name	俊遠	
736	0x4E7CC	4	reading	ﾄｼﾄｵ	
737	0x4E80E	4	name	基成	
738	0x4E813	4	reading	ﾓﾄﾅﾘ	
739	0x4E847	4	name	金剛	
740	0x4E84E	5	reading	ｺﾝｺﾞｳ	
741	0x4E855	4	name	秀綱	
742	0x4E85A	5	reading	ﾋﾃﾞﾂﾅ	
743	0x4E88E	6	name	下須坊	
744	0x4E895	5	reading	ｶｽﾎﾞｳ	
745	0x4E89C	4	name	秀方	
746	0x4E8A1	5	reading	ﾋﾃﾞｶﾀ	
747	0x4E8D5	2	name	伴	
748	0x4E8DC	3	reading	ﾊﾞﾝ	
749	0x4E8E3	4	name	藤八	
750	0x4E8E8	4	reading	ﾄｳﾊﾁ	
751	0x4E91C	4	name	河田	
752	0x4E923	3	reading	ｶﾜﾀ	
753	0x4E963	4	name	由利	
754	0x4E96A	2	reading	ﾕﾘ	
755	0x4E971	4	name	八郎	
756	0x4E976	4	reading	ﾊﾁﾛｳ	
757	0x4E9AA	4	name	大河	
758	0x4E9B1	4	reading	ｵｵｶﾜ	
759	0x4E9B8	4	name	兼任	
760	0x4E9F1	4	name	秋田	
761	0x4E9F8	3	reading	ｱｷﾀ	
762	0x4E9FF	4	name	致文	
763	0x4EA04	4	reading	ﾑﾈﾌﾐ	
764	0x4EA38	4	name	田河	
765	0x4EA3F,0x4F5E5	4	reading	ﾀｶﾞﾜ	
766	0x4EA46	4	name	行文	
767	0x4EA4B	4	reading	ﾕｷﾌﾐ	
768	0x4EA8D	4	name	高衡	
769	0x4EA92	4	reading	ﾀｶﾋﾗ	
770	0x4EAD4	4	name	通衡	
771	0x4EAD9	4	reading	ﾐﾁﾋﾗ	
772	0x4EB1B	4	name	頼衡	
773	0x4EB20	4	reading	ﾖﾘﾋﾗ	
774	0x4EB62	4	name	元治	
775	0x4EB67	4	reading	ﾓﾄﾊﾙ	
776	0x4EB9B	4	name	河辺	
777	0x4EBA2	4	reading	ｶﾜﾍﾞ	
778	0x4EBE2	4	name	藤内	
779	0x4EBE9	4	reading	ﾄｳﾅｲ	
780	0x4EBF0	4	name	康友	
781	0x4EBF5	4	reading	ﾔｽﾄﾓ	
782	0x4EC29	4	name	日置	
783	0x4EC30	3	reading	ﾋｵｷ	
784	0x4EC37	4	name	兼秀	
785	0x4EC3C	5	reading	ｶﾈﾋﾃﾞ	
786	0x4EC70	4	name	葉山	
787	0x4EC77	3	reading	ﾊﾔﾏ	
788	0x4EC7E	4	name	宗頼	
789	0x4EC83	4	reading	ﾑﾈﾖﾘ	
790	0x4ECB7	4	name	武藤	
791	0x4ECBE	3	reading	ﾑﾄｳ	
792	0x4ECC5	4	name	資頼	
793	0x4ECCA	4	reading	ｽｹﾖﾘ	
794	0x4ECFE	4	name	船所	
795	0x4ED05	6	reading	ﾌﾅﾄﾞｺﾛ	
796	0x4ED0C	4	name	政利	
797	0x4ED11	4	reading	ﾏｻﾄｼ	
798	0x4ED53	4	name	定綱	
799	0x4ED58	5	reading	ｻﾀﾞﾂﾅ	
800	0x4ED9A	4	name	経高	
801	0x4ED9F	4	reading	ﾂﾈﾀｶ	
802	0x4EE1A	4	name	小野	
803	0x4EE21	2	reading	ｵﾉ	
804	0x4EE28	4	name	成綱	
805	0x4EE2D	4	reading	ﾅﾘﾂﾅ	
806	0x4EE61	6	name	小山田	
807	0x4EE68	5	reading	ｵﾔﾏﾀﾞ	
808	0x4EE6F	4	name	有重	
809	0x4EE74	5	reading	ｱﾘｼｹﾞ	
810	0x4EEEF	4	name	稲毛	
811	0x4EEF6	4	reading	ｲﾅｹﾞ	
812	0x4EEFD	4	name	重成	
813	0x4EF02	5	reading	ｼｹﾞﾅﾘ	
814	0x4EF36	4	name	榛谷	
815	0x4EF3D	5	reading	ﾊﾝｶﾞｲ	
816	0x4EF44	4	name	重朝	
817	0x4EF49	5	reading	ｼｹﾞﾄﾓ	
818	0x4EF8B	4	name	則清	
819	0x4EF90	4	reading	ﾉﾘｷﾖ	
820	0x4EFC4,0x4F00B	4	name	樋爪	
821	0x4EFCB,0x4F012	4	reading	ﾋﾂﾞﾒ	
822	0x4EFD2	4	name	俊衡	
823	0x4EFD7,0x4FC99	4	reading	ﾄｼﾋﾗ	
824	0x4F019	4	name	季衡	
825	0x4F01E	4	reading	ｽｴﾋﾗ	
826	0x4F052	4	name	伊北	
827	0x4F059	3	reading	ｲﾎｳ	
828	0x4F099,0x4F8A4	4	name	加藤	
829	0x4F0A0,0x4F8AB	3	reading	ｶﾄｳ	
830	0x4F0A7	4	name	景廉	
831	0x4F0AC	6	reading	ｶｹﾞｶﾄﾞ	
832	0x4F0E0	4	name	江田	
833	0x4F0E7	3	reading	ｴﾀﾞ	
834	0x4F0EE	4	name	弘基	
835	0x4F127	4	name	亀井	
836	0x4F12E	3	reading	ｶﾒｲ	
837	0x4F135	4	name	重清	
838	0x4F13A	5	reading	ｼｹﾞｷﾖ	
839	0x4F16E	4	name	鈴木	
840	0x4F175	4	reading	ｽｽﾞｷ	
841	0x4F17C	4	name	重家	
842	0x4F181	5	reading	ｼｹﾞｲｴ	
843	0x4F1B5	4	name	熊井	
844	0x4F1BC	3	reading	ｸﾏｲ	
845	0x4F1C3	4	name	忠基	
846	0x4F1C8	5	reading	ﾀﾀﾞﾓﾄ	
847	0x4F1FC	6	name	常陸坊	
848	0x4F203	6	reading	ﾋﾀﾁﾎﾞｳ	
849	0x4F20A	4	name	海尊	
850	0x4F20F	4	reading	ｶｲｿﾝ	
851	0x4F243	4	name	照井	
852	0x4F24A	3	reading	ﾃﾙｲ	
853	0x4F251	4	name	高治	
854	0x4F256	4	reading	ﾀｶﾊﾙ	
855	0x4F28A	4	name	大胡	
856	0x4F291	4	reading	ｵｵｺﾞ	
857	0x4F2D1,0x508BA	4	name	富樫	
858	0x4F2D8,0x508C1	4	reading	ﾄｶﾞｼ	
859	0x4F2DF	4	name	泰家	
860	0x4F2E4	4	reading	ﾔｽｲｴ	
861	0x4F318	4	name	山上	
862	0x4F31F	4	reading	ﾔﾏｶﾐ	
863	0x4F326	4	name	信高	
864	0x4F32B	5	reading	ﾉﾌﾞﾀｶ	
865	0x4F35F	4	name	長沼	
866	0x4F366	5	reading	ﾅｶﾞﾇﾏ	
867	0x4F36D	4	name	宗政	
868	0x4F372	4	reading	ﾑﾈﾏｻ	
869	0x4F3A6	4	name	戸次	
870	0x4F3AD	4	reading	ﾍﾂｷﾞ	
871	0x4F3B4	4	name	時頼	
872	0x4F3B9	4	reading	ﾄｷﾖﾘ	
873	0x4F3ED	4	name	松浦	
874	0x4F3F4	3	reading	ﾏﾂﾗ	
875	0x4F3FB	4	name	重俊	
876	0x4F400	5	reading	ｼｹﾞﾄｼ	
877	0x4F47B	4	name	長田	
878	0x4F482	4	reading	ｵｻﾀﾞ	
879	0x4F489	4	name	忠致	
880	0x4F48E	5	reading	ﾀﾀﾞﾑﾈ	
881	0x4F4C2	6	name	小野寺	
882	0x4F4C9	5	reading	ｵﾉﾃﾞﾗ	
883	0x4F4D0	4	name	道綱	
884	0x4F4D5	4	reading	ﾐﾁﾂﾅ	
885	0x4F509	4	name	豊田	
886	0x4F510	3	reading	ﾄﾖﾀ	
887	0x4F517	4	name	師胤	
888	0x4F51C	4	reading	ﾓﾛﾀﾈ	
889	0x4F550	4	name	本間	
890	0x4F557	3	reading	ﾎﾝﾏ	
891	0x4F55E	4	name	義忠	
892	0x4F563	5	reading	ﾖｼﾀﾀﾞ	
893	0x4F597	4	name	駿河	
894	0x4F59E	4	reading	ｽﾙｶﾞ	
895	0x4F5DE	4	name	田川	
896	0x4F5EC	4	name	真房	
897	0x4F5F1	4	reading	ﾏｻﾌｻ	
898	0x4F625	4	name	備前	
899	0x4F62C	5	reading	ﾋﾞｾﾞﾝ	
900	0x4F633	4	name	房成	
901	0x4F638	4	reading	ﾌｻﾅﾘ	
902	0x4F66C	4	name	増尾	
903	0x4F673	3	reading	ﾏｼｵ	
904	0x4F67A	4	name	兼房	
905	0x4F67F	4	reading	ｶﾈﾌｻ	
906	0x4F6B3	4	name	伊沢	
907	0x4F6BA	3	reading	ｲｻﾜ	
908	0x4F6C1	4	name	家景	
909	0x4F6C6	5	reading	ｲｴｶｹﾞ	
910	0x4F6FA	4	name	岩瀬	
911	0x4F701	3	reading	ｲﾜｾ	
912	0x4F74F,0x50CAA	4	name	光家	
913	0x4F754,0x50CAF	4	reading	ﾐﾂｲｴ	
914	0x4F796	4	name	兼隆	
915	0x4F79B	4	reading	ｶﾈﾀｶ	
916	0x4F7DD	4	name	政光	
917	0x4F7E2	4	reading	ﾏｻﾐﾂ	
918	0x4F816	4	name	春日	
919	0x4F81D	4	reading	ｶｽｶﾞ	
920	0x4F824	4	name	貞幸	
921	0x4F829	5	reading	ｻﾀﾞﾕｷ	
922	0x4F86B	4	name	近則	
923	0x4F870	4	reading	ﾁｶﾉﾘ	
924	0x4F8B2	4	name	光員	
925	0x4F8B7	5	reading	ﾐﾂｶｽﾞ	
926	0x4F8F9	4	name	秀清	
927	0x4F8FE	5	reading	ﾋﾃﾞｷﾖ	
928	0x4F940	4	name	定康	
929	0x4F945	5	reading	ｻﾀﾞﾔｽ	
930	0x4F987	4	name	行光	
931	0x4F98C	4	reading	ﾕｷﾐﾂ	
932	0x4F9CE	4	name	直家	
933	0x4F9D3	4	reading	ﾅｵｲｴ	
934	0x4FA15	4	name	宗賢	
935	0x4FA1A,0x506DC	4	reading	ﾑﾈｶﾀ	
936	0x4FA5C	4	name	国平	
937	0x4FA95	6	name	佐中太	
938	0x4FA9C	6	reading	ｻﾁｭｳﾀﾞ	
939	0x4FAA3	4	name	常澄	
940	0x4FAA8	5	reading	ﾂﾈｽﾞﾐ	
941	0x4FADC,0x4FB23	4	name	里見	
942	0x4FAE3,0x4FB2A	3	reading	ｻﾄﾐ	
943	0x4FAEA	4	name	義俊	
944	0x4FAEF	4	reading	ﾖｼﾄｼ	
945	0x4FB31	4	name	義成	
946	0x4FB36,0x50225	4	reading	ﾖｼﾅﾘ	
947	0x4FB6A	4	name	佐野	
948	0x4FB71	2	reading	ｻﾉ	
949	0x4FB78	4	name	基綱	
950	0x4FB7D	4	reading	ﾓﾄﾂﾅ	
951	0x4FBB1	4	name	鮫島	
952	0x4FBB8	5	reading	ｻﾒｼﾞﾏ	
953	0x4FBBF	4	name	家高	
954	0x4FBC4	4	reading	ｲｴﾀｶ	
955	0x4FC06	4	name	政義	
956	0x4FC0B	4	reading	ﾏｻﾖｼ	
957	0x4FC3F,0x4FC86	2	name	関	
958	0x4FC46,0x4FC8D	2	reading	ｾｷ	
959	0x4FC4D	4	name	兼衡	
960	0x4FC94	4	name	俊平	
961	0x4FCCD	4	name	相馬	
962	0x4FCD4	3	reading	ｿｳﾏ	
963	0x4FCDB	4	name	師常	
964	0x4FCE0	4	reading	ﾓﾛﾂﾈ	
965	0x4FD14,0x4FD5B,0x4FDA2	4	name	曽我	
966	0x4FD1B,0x4FD62,0x4FDA9	3	reading	ｿｶﾞ	
967	0x4FD22	4	name	祐成	
968	0x4FD27	4	reading	ｽｹﾅﾘ	
969	0x4FD69	4	name	時致	
970	0x4FD6E	4	reading	ﾄｷﾑﾈ	
971	0x4FDB0	4	name	祐信	
972	0x4FDB5	5	reading	ｽｹﾉﾌﾞ	
973	0x4FDE9	4	name	薗田	
974	0x4FDF0	4	reading	ｿﾉﾀﾞ	
975	0x4FDF7	4	name	成重	
976	0x4FDFC	5	reading	ﾅﾘｼｹﾞ	
977	0x4FE3E	4	name	清綱	
978	0x4FE43	4	reading	ｷﾖﾂﾅ	
979	0x4FE85	4	name	知度	
980	0x4FE8A	4	reading	ﾄﾓﾉﾘ	
981	0x4FECC	4	name	信兼	
982	0x4FED1	5	reading	ﾉﾌﾞｶﾈ	
983	0x4FF13,0x50FB7	4	name	宗実	
984	0x4FF18,0x50FBC	5	reading	ﾑﾈｻﾞﾈ	
985	0x4FF5A	4	name	保盛	
986	0x4FF5F,0x4FFA6	4	reading	ﾔｽﾓﾘ	
987	0x4FFA1	4	name	康盛	
988	0x4FFDA	4	name	高木	
989	0x4FFE1	4	reading	ﾀｶｷﾞ	
990	0x4FFE8	4	name	宗家	
991	0x4FFED	4	reading	ﾑﾈｲｴ	
992	0x50021	4	name	多気	
993	0x50028	2	reading	ﾀｹ	
994	0x5002F	4	name	義幹	
995	0x50034	4	reading	ﾖｼﾓﾄ	
996	0x50068,0x500AF	4	name	田中	
997	0x5006F,0x500B6	3	reading	ﾀﾅｶ	
998	0x50076	4	name	慶清	
999	0x5007B	4	reading	ｹｲｾｲ	
1000	0x500BD	4	name	道清	
1001	0x500C2	5	reading	ﾄﾞｳｾｲ	
1002	0x50104	4	name	胤正	
1003	0x50109	4	reading	ﾀﾈﾏｻ	
1004	0x5014B	4	name	有経	
1005	0x50150	4	reading	ｱﾘﾂﾈ	
1006	0x50184	4	name	内藤	
1007	0x5018B	4	reading	ﾅｲﾄｳ	
1008	0x50192	4	name	盛家	
1009	0x50197	4	reading	ﾓﾘｲｴ	
1010	0x501CB	4	name	長尾	
1011	0x501D2	4	reading	ﾅｶﾞｵ	
1012	0x501D9	4	name	定景	
1013	0x501DE	6	reading	ｻﾀﾞｶｹﾞ	
1014	0x50212	4	name	中野	
1015	0x50219	3	reading	ﾅｶﾉ	
1016	0x50220	4	name	能成	
1017	0x50267	4	name	秋家	
1018	0x5026C	4	reading	ｱｷｲｴ	
1019	0x502AE	4	name	久経	
1020	0x502B3	4	reading	ﾋｻﾂﾈ	
1021	0x502E7	4	name	高階	
1022	0x502EE	4	reading	ﾀｶｼﾅ	
1023	0x502F5	4	name	泰経	
1024	0x502FA	4	reading	ﾔｽﾂﾈ	
1025	0x5033C	4	name	邦通	
1026	0x50341	4	reading	ｸﾆﾐﾁ	
1027	0x50375	4	name	真壁	
1028	0x5037C	4	reading	ﾏｶﾍﾞ	
1029	0x50383	4	name	長幹	
1030	0x50388	5	reading	ﾅｶﾞﾓﾄ	
1031	0x503BC	2	name	牧	
1032	0x503C3	2	reading	ﾏｷ	
1033	0x50411	4	name	有綱	
1034	0x50416	4	reading	ｱﾘﾂﾅ	
1035	0x5049F	4	name	仲頼	
1036	0x504A4	4	reading	ﾅｶﾖﾘ	
1037	0x5051F	4	name	宗像	
1038	0x50526	4	reading	ﾑﾅｶﾀ	
1039	0x5052D	4	name	氏国	
1040	0x50532	5	reading	ｳｼﾞｸﾆ	
1041	0x50574	4	name	義資	
1042	0x50579	4	reading	ﾖｼｽｹ	
1043	0x505AD,0x505F4,0x5063B	4	name	山田	
1044	0x505B4,0x505FB,0x50642	4	reading	ﾔﾏﾀﾞ	
1045	0x505BB	4	name	重隆	
1046	0x505C0	5	reading	ｼｹﾞﾀｶ	
1047	0x50649	4	name	重澄	
1048	0x5064E	6	reading	ｼｹﾞｽﾞﾐ	
1049	0x50690	4	name	宗景	
1050	0x50695	5	reading	ﾑﾈｶｹﾞ	
1051	0x506D7	4	name	宗方	
1052	0x50710	2	name	西	
1053	0x50717	2	reading	ﾆｼ	
1054	0x5071E	4	name	広助	
1055	0x50723	4	reading	ﾋﾛｽｹ	
1056	0x50757	4	name	杵淵	
1057	0x5075E	5	reading	ｷﾈﾌﾞﾁ	
1058	0x50765	4	name	重光	
1059	0x5076A	5	reading	ｼｹﾞﾐﾂ	
1060	0x507AC	4	name	実政	
1061	0x507B1	4	reading	ｻﾈﾏｻ	
1062	0x507E5	4	name	村山	
1063	0x507EC	4	reading	ﾑﾗﾔﾏ	
1064	0x507F3	4	name	義直	
1065	0x507F8	4	reading	ﾖｼﾅｵ	
1066	0x5083A	4	name	範覚	
1067	0x5083F	4	reading	ﾊﾝｶｸ	
1068	0x50873	4	name	仁科	
1069	0x5087A	3	reading	ﾆｼﾅ	
1070	0x50881	4	name	盛弘	
1071	0x50886	4	reading	ﾓﾘﾋﾛ	
1072	0x508C8	4	name	仏誓	
1073	0x508CD	5	reading	ﾌﾞｯｾｲ	
1074	0x50901	4	name	石黒	
1075	0x50908	5	reading	ｲｼｸﾞﾛ	
1076	0x5090F	4	name	光弘	
1077	0x50948	4	name	高楯	
1078	0x5094F	5	reading	ﾀｶﾀﾞﾃ	
1079	0x50956	4	name	光延	
1080	0x5095B	5	reading	ﾐﾂﾉﾌﾞ	
1081	0x5098F	6	name	宇奈木	
1082	0x50996	3	reading	ｳﾅｷ	
1083	0x5099D	4	name	遠隆	
1084	0x509A2	4	reading	ﾄｵﾀｶ	
1085	0x50A1D	4	name	長崎	
1086	0x50A24	5	reading	ﾅｶﾞｻｷ	
1087	0x50A2B	4	name	隆実	
1088	0x50A30	5	reading	ﾀｶｻﾞﾈ	
1089	0x50A72	4	name	覚範	
1090	0x50A77	4	reading	ｶｸﾊﾝ	
1091	0x50AB9	4	name	能保	
1092	0x50ABE	4	reading	ﾖｼﾔｽ	
1093	0x50AF2	4	name	九条	
1094	0x50AF9	5	reading	ｸｼﾞｮｳ	
1095	0x50B00	4	name	兼実	
1096	0x50B05	5	reading	ｶﾈｻﾞﾈ	
1097	0x50B39	6	name	土御門	
1098	0x50B40	6	reading	ﾂﾁﾐｶﾄﾞ	
1099	0x50B47	4	name	通親	
1100	0x50B4C	4	reading	ﾐﾁﾁｶ	
1101	0x50B80	4	name	近衛	
1102	0x50B87	3	reading	ｺﾉｴ	
1103	0x50B8E	4	name	基通	
1104	0x50B93	4	reading	ﾓﾄﾐﾁ	
1105	0x50BD5	4	name	信円	
1106	0x50BDA	4	reading	ｼﾝｴﾝ	
1107	0x50C0E	6	name	多々良	
1108	0x50C15	3	reading	ﾀﾀﾗ	
1109	0x50C1C	4	name	明宗	
1110	0x50C21	4	reading	ｱｷﾑﾈ	
1111	0x50C63	4	name	遠平	
1112	0x50C68	4	reading	ﾄｵﾋﾗ	
1113	0x50CF1	4	name	基兼	
1114	0x50CF6	4	reading	ﾓﾄｶﾈ	
1115	0x50D2A	4	name	南部	
1116	0x50D31	4	reading	ﾅﾝﾌﾞ	
1117	0x50D38	4	name	光行	
1118	0x50D3D	4	reading	ﾐﾂﾕｷ	
1119	0x50D71	6	name	波多野	
1120	0x50D78	3	reading	ﾊﾀﾉ	
1121	0x50D7F	4	name	義景	
1122	0x50D84	5	reading	ﾖｼｶｹﾞ	
1123	0x50DC6	4	name	朝宗	
1124	0x50DCB	4	reading	ﾄﾓﾑﾈ	
1125	0x50E0D	4	name	信房	
1126	0x50E12	5	reading	ﾉﾌﾞﾌｻ	
1127	0x50E46	4	name	那波	
1128	0x50E4D	2	reading	ﾅﾜ	
1129	0x50E54	4	name	広澄	
1130	0x50E59	5	reading	ﾋﾛｽﾞﾐ	
1131	0x50E8D	4	name	渡辺	
1132	0x50E94	5	reading	ﾜﾀﾅﾍﾞ	
1133	0x50EA0	3	reading	ﾑﾂﾙ	
1134	0x50EE2	4	name	資高	
1135	0x50EE7	4	reading	ｽｹﾀｶ	
1136	0x50F1B	4	name	石田	
1137	0x50F22	4	reading	ｲｼﾀﾞ	
1138	0x50F29	4	name	為久	
1139	0x50F2E	4	reading	ﾀﾒﾋｻ	
1140	0x50F62	4	name	大串	
1141	0x50F69	4	reading	ｵｵｸｼ	
1142	0x50F70	4	name	重親	
1143	0x50F75	5	reading	ｼｹﾞﾁｶ	
1144	0x50FF0	4	name	村上	
1145	0x50FF7	4	reading	ﾑﾗｶﾐ	
1146	0x50FFE	4	name	康国	
1147	0x51003	4	reading	ﾔｽｸﾆ	
1148	0x51037	4	name	河内	
1149	0x5103E	3	reading	ｶﾜﾁ	
1150	0x51045	4	name	秀国	
1151	0x5104A	5	reading	ﾋﾃﾞｸﾆ	
1152	0x5107E	4	name	武蔵	
1153	0x51085,0x51EDD	3	reading	ﾑｻｼ	
1154	0x5108C	4	name	有国	
1155	0x51091	4	reading	ｱﾘｸﾆ	
1156	0x510C5	4	name	佐渡	
1157	0x510CC	3	reading	ｻﾄﾞ	
1158	0x510D3	4	name	重貞	
1159	0x510D8	6	reading	ｼｹﾞｻﾀﾞ	
1160	0x5111A	4	name	文覚	
1161	0x5111F	5	reading	ﾓﾝｶﾞｸ	
1162	0x51153	2	name	庄	
1163	0x5115A	3	reading	ｼｮｳ	
1164	0x51161	4	name	高家	
1165	0x51166	4	reading	ﾀｶｲｴ	
1166	0x5119A	6	name	かむろ	
1167	0x511A1	3	reading	ｶﾑﾛ	
1168	0x511E1	2	name	賊	
1169	0x511E8	3	reading	ｿﾞｸ	
1170	0x51228	4	name	吉次	
1171	0x5122F	4	reading	ｷﾁｼﾞ	
1172	0x5126F	6	name	宋商人	
1173	0x51276	6	reading	ｿｳｼｮｳﾆ	
1174	0x512B6	4	name	商人	
1175	0x512BD	5	reading	ｼｮｳﾆﾝ	
1176	0x512FD	2	name	静	
1177	0x51304	4	reading	ｼｽﾞｶ	
1178	0x51344	4	name	政子	
1179	0x5134B	3	reading	ﾏｻｺ	
1180	0x5138B	6	name	白拍子	
1181	0x51392	6	reading	ｼﾗﾋﾞｮｳ	
1182	0x513D2	6	name	琵琶法	
1183	0x513D9	6	reading	ﾋﾞﾜﾎｳｼ	
1184	0x513E0	2	name	師	
1185	0x51419	6	name	後白河	
1186	0x51420	6	reading	ｺﾞｼﾗｶﾜ	
1187	0x51427	4	name	法皇	
1188	0x5142C	4	reading	ﾎｳｵｳ	
1189	0x515A0	8	name	肥後国府	
1190	0x515A9	3	reading	ﾋｺﾞ	
1191	0x515EC	8	name	豊後国府	
1192	0x515F5	5	reading	ﾌﾞﾝｺﾞ	
1193	0x51638	6	name	太宰府	
1194	0x51641	6	reading	ﾀﾞｻﾞｲﾌ	
1195	0x51665	2	name	厚	
1196	0x51684	4	name	彦島	
1197	0x5168D	4	reading	ﾋｺｼﾏ	
1198	0x516D0	8	name	伊予国府	
1199	0x516D9	2	reading	ｲﾖ	
1200	0x5171C	8	name	土佐国府	
1201	0x51725	2	reading	ﾄｻ	
1202	0x51768	4	name	屋島	
1203	0x51771	3	reading	ﾔｼﾏ	
1204	0x517B4	8	name	阿波国府	
1205	0x517BD	2	reading	ｱﾜ	
1206	0x51800	4	name	下関	
1207	0x51809	5	reading	ｼﾓﾉｾｷ	
1208	0x5184C	8	name	周防国府	
1209	0x51855	3	reading	ｽｵｳ	
1210	0x51898	4	name	厳島	
1211	0x518A1	5	reading	ｲﾂｸｼﾏ	
1212	0x518E4	8	name	備後国府	
1213	0x518ED	5	reading	ﾋﾞﾝｺﾞ	
1214	0x51930	8	name	備中国府	
1215	0x51939	6	reading	ﾋﾞｯﾁｭｳ	
1216	0x5197C	8	name	美作国府	
1217	0x51985	4	reading	ﾐﾏｻｶ	
1218	0x519C8	8	name	播磨国府	
1219	0x519D1	3	reading	ﾊﾘﾏ	
1220	0x51A14	8	name	丹波国府	
1221	0x51A1D	4	reading	ﾀﾝﾊﾞ	
1222	0x51A41,0x51C09	2	name	五	
1223	0x51A60	4	name	福原	
1224	0x51A69	4	reading	ﾌｸﾊﾗ	
1225	0x51AAC	6	name	平安京	
1226	0x51AB5	7	reading	ﾍｲｱﾝｷｮｳ	
1227	0x51AF8	6	name	興福寺	
1228	0x51B01	6	reading	ｺｳﾌｸｼﾞ	
1229	0x51B44	8	name	熊野新宮	
1230	0x51B4D	8	reading	ｸﾏﾉｼﾝｸﾞｳ	
1231	0x51B90	8	name	伊勢国府	
1232	0x51BDC	8	name	越前国府	
1233	0x51BE5	5	reading	ｴﾁｾﾞﾝ	
1234	0x51C28	8	name	美濃国府	
1235	0x51C31	2	reading	ﾐﾉ	
1236	0x51C55,0x51FE5	2	reading	ｻﾜ	
1237	0x51C74	8	name	越中国府	
1238	0x51C7D	5	reading	ｴｯﾁｭｳ	
1239	0x51CC0	8	name	越後国府	
1240	0x51CC9	4	reading	ｴﾁｺﾞ	
1241	0x51D0C	6	name	木曽谷	
1242	0x51D15	5	reading	ｷｿﾀﾞﾆ	
1243	0x51D58	8	name	尾張国府	
1244	0x51D61	3	reading	ｵﾜﾘ	
1245	0x51DA4	8	name	遠江国府	
1246	0x51DAD	5	reading	ﾄｵﾄｳﾐ	
1247	0x51DF0	8	name	甲斐国府	
1248	0x51DF9	2	reading	ｶｲ	
1249	0x51E3C	8	name	伊豆国府	
1250	0x51E45	3	reading	ｲｽﾞ	
1251	0x51E88	4	name	鎌倉	
1252	0x51E91	4	reading	ｶﾏｸﾗ	
1253	0x51ED4	8	name	武蔵国府	
1254	0x51F20	8	name	上野国府	
1255	0x51F29	5	reading	ｺｳﾂﾞｹ	
1256	0x51F6C	8	name	下野国府	
1257	0x51F75	4	reading	ｼﾓﾂｹ	
1258	0x51FB8	8	name	下総国府	
1259	0x51FC1	4	reading	ｼﾓｳｻ	
1260	0x52004	8	name	上総国府	
1261	0x52050	8	name	常陸国府	
1262	0x52059	3	reading	ﾋﾀﾁ	
1263	0x5209C	8	name	出羽国府	
1264	0x520A5	3	reading	ﾃﾞﾜ	
1265	0x520E8	4	name	平泉	
1266	0x520F1	6	reading	ﾋﾗｲｽﾞﾐ	
1267	0x52140	4	name	九州	
1268	0x52149	4	name	四国	
1269	0x52152	4	name	山陽	
1270	0x5215B	4	name	近畿	
1271	0x52164	4	name	中部	
1272	0x5216D	4	name	東海	
1273	0x52176	4	name	坂東	
1274	0x5217F	4	name	奥州	
1275	0x52190	6	name	高楯黒	
1276	0x521A2	6	name	大夫黒	
1277	0x521B4	6	name	鬼葦毛	
1278	0x521C6	4	name	生食	
1279	0x521D8	4	name	磨墨	
1280	0x521EA	8	name	童子鹿毛	
1281	0x521FC	10	name	夜目無月毛	
1282	0x5220E	6	name	井上黒	
1283	0x52220	4	name	薄墨	
1284	0x52232	4	name	木下	
1285	0x52244	4	name	煖廷	
1286	0x52256	4	name	望月	
1287	0x52268	4	name	西楼	
1288	0x5227A	8	name	権太栗毛	
1289	0x5228C	6	name	目糟毛	
1290	0x5229E,0x522B0,0x522C2	4	name	黒毛	
1291	0x522D4,0x522E6,0x522F8	4	name	栗毛	
1292	0x5230A	4	name	小烏	
1293	0x5231C	4	name	抜丸	
1294	0x5232E	4	name	髭切	
1295	0x52340	6	name	獅子王	
1296	0x52352	4	name	今剣	
1297	0x52364	4	name	岩透	
1298	0x52376	6	name	氷柱井	
1299	0x52388,0x5239A,0x523AC,0x523BE	8	name	千手院物	
1300	0x523D0,0x523E2,0x523F4,0x52406	8	name	正恒太刀	
1301	0x52418,0x5242A,0x5243C,0x5244E	8	name	粟田口刀	
1302	0x52460,0x52472,0x52484,0x52496,0x524A8,0x524BA,0x524CC,0x524DE,0x524F0,0x52502	6	name	舞草刀	
1303	0x52514,0x52526,0x52538,0x5254A,0x5255C	8	name	一文字刀	
1304	0x5256E,0x52580,0x52592	10	name	黒漆大太刀	
1305	0x525A4,0x525B6,0x525C8	10	name	赤銅作太刀	
1306	0x525DA,0x525EC,0x525FE	10	name	黄金作太刀	
1307	0x52610,0x52622,0x52634	10	name	長覆輪太刀	
1308	0x52646,0x52658,0x5266A	8	name	足白太刀	
1309	0x5267C,0x5268E,0x526A0	10	name	怒物作太刀	
1310	0x526B2	6	name	唐皮鎧	
1311	0x526C4	6	name	産衣鎧	
1312	0x526D6	6	name	楯無鎧	
1313	0x526E8	6	name	薄金鎧	
1314	0x526FA	6	name	膝丸鎧	
1315	0x5270C	6	name	八竜鎧	
1316	0x5271E	6	name	沢瀉鎧	
1317	0x52730	6	name	月数鎧	
1318	0x52742	6	name	日数鎧	
1319	0x52754,0x52766,0x52778	8	name	萌葱縅鎧	
1320	0x5278A,0x5279C,0x527AE	8	name	黒革縅鎧	
1321	0x527C0,0x527D2,0x527E4	6	name	緋縅鎧	
1322	0x527F6,0x52808,0x5281A	8	name	科皮縅鎧	
1323	0x5282C,0x5283E,0x52850	8	name	黒糸縅鎧	
1324	0x52862,0x52874,0x52886	8	name	赤革縅鎧	
1325	0x52898,0x528AA,0x528BC	8	name	唐綾縅鎧	
1326	0x528CE,0x528E0,0x528F2	8	name	紫裾濃鎧	
1327	0x52904,0x52916,0x52928	8	name	紅裾濃鎧	
1328	0x5293A,0x5294C,0x5295E	8	name	小桜縅鎧	
1329	0x52970,0x52982,0x52994	8	name	卯花縅鎧	
1330	0x529A6,0x529B8,0x529CA	6	name	星白兜	
1331	0x529DC,0x529EE,0x52A00	6	name	鍬形兜	
1332	0x52A12,0x52A24,0x52A36	6	name	高角兜	
1333	0x52A48,0x52A5A,0x52A6C	8	name	四方白兜	
1334	0x52A7E,0x52A90,0x52AA2	8	name	沃懸地鞍	
1335	0x52AB4,0x52AC6,0x52AD8,0x52AEA,0x52AFC,0x52B0E	8	name	金覆輪鞍	
1336	0x52B20,0x52B32	8	name	銀覆輪鞍	
1337	0x52B44,0x52B56	4	name	貝鞍	
1338	0x52B68,0x52B7A	4	name	鏡鞍	
1339	0x52B8C	4	name	青山	
1340	0x52B9E	4	name	玄象	
1341	0x52BB0	4	name	初音	
1342	0x52BC2	4	name	小枝	
1343	0x52BD4	4	name	蝉折	
1344	0x52BE6	4	name	青葉	
1345	0x52BF8	4	name	松風	
1346	0x52C0A,0x52C1C	4	name	琵琶	
1347	0x52C2E,0x52C40	2	name	鼓	
1348	0x52C52,0x52C64	4	name	横笛	
1349	0x52C76,0x52C88	6	name	万葉集	
1350	0x52C9A,0x52CAC	10	name	句題和歌集	
1351	0x52CBE,0x52CD0	10	name	古今和歌集	
1352	0x52CE2,0x52CF4	10	name	後撰和歌集	
1353	0x52D06,0x52D18	10	name	拾遺和歌集	
1354	0x52D2A,0x52D3C	10	name	金葉和歌集	
1355	0x52D4E,0x52D60	10	name	詞花和歌集	
1356	0x52D72,0x52D84	10	name	和漢朗詠集	
1357	0x52D96,0x52DA8	8	name	伊勢物語	
1358	0x52DBA,0x52DCC	8	name	大和物語	
1359	0x52DDE,0x52DF0,0x52E02,0x532EE	10	name	山水図屏風	
1360	0x52E14,0x52E26,0x52E38,0x53300	8	name	彩絵桧扇	
1361	0x52E4A,0x52E5C,0x52E6E,0x53312	6	name	皆紅扇	
1362	0x52E80,0x52E92	4	name	六韜	
1363	0x52EA4,0x52EB6	4	name	三略	
1364	0x52EC8,0x52EDA,0x52EEC,0x52EFE	4	name	白磁	
1365	0x52F10,0x52F22,0x52F34,0x52F46	4	name	青磁	
1366	0x52F58,0x52F6A,0x52F7C,0x52F8E	4	name	唐綾	
1367	0x52FA0,0x52FB2,0x52FC4,0x52FD6	4	name	蜀錦	
1368	0x52FE8,0x52FFA,0x5300C,0x5301E	4	name	香木	
1369	0x53030,0x53042,0x53054,0x53066,0x53078,0x5308A,0x5309C,0x530AE,0x530C0,0x530D2,0x530E4,0x530F6,0x53108,0x5311A,0x5312C	4	name	砂金	
1370	0x5313E,0x53150,0x53162,0x53174,0x53186,0x53198,0x531AA,0x531BC,0x531CE,0x531E0	6	name	毛地摺	
1371	0x531F2,0x53204,0x53216,0x53228,0x5323A,0x5324C,0x5325E,0x53270,0x53282,0x53294	6	name	安達絹	
1372	0x532A6,0x532B8,0x532CA,0x532DC	4	name	絵巻	
1373	0x53324,0x53336	8	name	太平御覧	
1374	0x53348,0x5335A,0x5336C,0x5337E	6	name	来迎図	
1375	0x53390,0x533A3,0x533B6,0x533C9	6	name	右馬允	
1376	0x533DC,0x533EF,0x53402,0x53415	6	name	左馬允	
1377	0x53428,0x5343B,0x5344E,0x53461,0x53474	10	name	右兵衛少尉	
1378	0x53487,0x5349A,0x534AD,0x534C0,0x534D3	10	name	左兵衛少尉	
1379	0x534E6,0x534F9,0x5350C,0x5351F,0x53532,0x53545	10	name	右衛門少尉	
1380	0x53558,0x5356B,0x5357E,0x53591,0x535A4,0x535B7	10	name	左衛門少尉	
1381	0x535CA	6	name	少外記	
1382	0x535DD	6	name	少内記	
1383	0x535F0	6	name	隠岐守	
1384	0x53603	6	name	淡路守	
1385	0x53616	6	name	壱岐守	
1386	0x53629	6	name	対馬守	
1387	0x5363C	6	name	和泉守	
1388	0x5364F	6	name	伊賀守	
1389	0x53662	6	name	志摩守	
1390	0x53675	6	name	伊豆守	
1391	0x53688	6	name	飛騨守	
1392	0x5369B	8	name	安芸権介	
1393	0x536AE	8	name	伊予権介	
1394	0x536C1	8	name	斎院次官	
1395	0x536D4	8	name	主馬判官	
1396	0x536E7,0x536FA,0x5370D	10	name	右兵衛大尉	
1397	0x53720,0x53733,0x53746,0x53759,0x5376C,0x5377F	4	name	判官	
1398	0x53792,0x537A5,0x537B8	10	name	左兵衛大尉	
1399	0x537CB	6	name	主水正	
1400	0x537DE,0x537F1,0x53804,0x53817	10	name	右衛門大尉	
1401	0x5382A,0x5383D,0x53850,0x53889	10	name	左衛門大尉	
1402	0x53863	6	name	左馬助	
1403	0x53876	6	name	右馬助	
1404	0x5389C	6	name	武者所	
1405	0x538AF	6	name	追討使	
1406	0x538C2	8	name	上総権介	
1407	0x538D5	8	name	下総権介	
1408	0x538E8	6	name	安房守	
1409	0x538FB	6	name	若狭守	
1410	0x5390E	6	name	能登守	
1411	0x53921	6	name	佐渡守	
1412	0x53934	6	name	丹後守	
1413	0x53947	6	name	石見守	
1414	0x5395A	6	name	長門守	
1415	0x5396D	6	name	土佐守	
1416	0x53980	6	name	日向守	
1417	0x53993	6	name	大隅守	
1418	0x539A6	6	name	薩摩守	
1419	0x539B9	6	name	上総介	
1420	0x539CC	6	name	常陸介	
1421	0x539DF	6	name	上野介	
1422	0x539F2,0x53A05,0x53A18,0x53A2B,0x53A3E,0x53A51,0x53A64,0x53A77	4	name	蔵人	
1423	0x53A8A	6	name	大外記	
1424	0x53A9D	6	name	刑部丞	
1425	0x53AB0	6	name	大内記	
1426	0x53AC3,0x53AD6,0x53AE9,0x53B22,0x53B35,0x53B48	4	name	侍従	
1427	0x53AFC	8	name	紀伊権守	
1428	0x53B0F	8	name	中宮権亮	
1429	0x53B5B	6	name	阿波守	
1430	0x53B6E	6	name	讃岐守	
1431	0x53B81	6	name	伊予守	
1432	0x53B94	6	name	筑前守	
1433	0x53BA7	6	name	筑後守	
1434	0x53BBA	6	name	肥前守	
1435	0x53BCD	6	name	豊前守	
1436	0x53BE0	6	name	豊後守	
1437	0x53BF3,0x53C06	8	name	蔵人大夫	
1438	0x53C19	6	name	丹波守	
1439	0x53C2C	6	name	但馬守	
1440	0x53C3F	6	name	因幡守	
1441	0x53C52	6	name	伯耆守	
1442	0x53C65	6	name	出雲守	
1443	0x53C78	6	name	美作守	
1444	0x53C8B	6	name	備前守	
1445	0x53C9E	6	name	備中守	
1446	0x53CB1	6	name	備後守	
1447	0x53CC4	6	name	安芸守	
1448	0x53CD7	6	name	周防守	
1449	0x53CEA	6	name	紀伊守	
1450	0x53CFD	6	name	山城守	
1451	0x53D10	6	name	摂津守	
1452	0x53D23	6	name	尾張守	
1453	0x53D36	6	name	三河守	
1454	0x53D49	6	name	遠江守	
1455	0x53D5C	6	name	駿河守	
1456	0x53D6F	6	name	甲斐守	
1457	0x53D82	6	name	相模守	
1458	0x53D95	6	name	美濃守	
1459	0x53DA8	6	name	信濃守	
1460	0x53DBB	6	name	下野守	
1461	0x53DCE	6	name	出羽守	
1462	0x53DE1	6	name	加賀守	
1463	0x53DF4	6	name	越中守	
1464	0x53E07	6	name	越後守	
1465	0x53E1A	6	name	内蔵頭	
1466	0x53E2D	6	name	掃部頭	
1467	0x53E40	8	name	大夫判官	
1468	0x53E53	6	name	蔵人頭	
1469	0x53E66	6	name	中宮亮	
1470	0x53E79	8	name	宮内少輔	
1471	0x53E8C	8	name	兵部少輔	
1472	0x53E9F	6	name	大和守	
1473	0x53EB2	6	name	河内守	
1474	0x53EC5	6	name	伊勢守	
1475	0x53ED8	6	name	武蔵守	
1476	0x53EEB	6	name	下総守	
1477	0x53EFE	6	name	近江守	
1478	0x53F11	6	name	陸奥守	
1479	0x53F24	6	name	越前守	
1480	0x53F37	6	name	播磨守	
1481	0x53F4A	6	name	肥後守	
1482	0x53F5D,0x53F70	8	name	権少納言	
1483	0x53F83	10	name	左衛門権佐	
1484	0x53F96	10	name	右衛門権佐	
1485	0x53FA9	10	name	左兵衛権佐	
1486	0x53FBC	10	name	右兵衛権佐	
1487	0x53FCF	10	name	中務権少輔	
1488	0x53FE2	8	name	左衛門佐	
1489	0x53FF5	8	name	右衛門佐	
1490	0x54008	8	name	左兵衛佐	
1491	0x5401B	8	name	右兵衛佐	
1492	0x5402E	6	name	追領使	
1493	0x54041,0x54054	6	name	少納言	
1494	0x54067	6	name	左馬頭	
1495	0x5407A	6	name	右馬頭	
1496	0x5408D	6	name	兵庫頭	
1497	0x540A0	10	name	検非違使佐	
1498	0x540B3	10	name	鎮守府将軍	
1499	0x540C6	12	name	左近衛権少将	
1500	0x540D9	12	name	右近衛権少将	
1501	0x540EC,0x540FF,0x54138	10	name	左近衛少将	
1502	0x54112,0x54125,0x5414B	10	name	右近衛少将	
1503	0x5415E	8	name	式部大輔	
1504	0x54171	6	name	左少弁	
1505	0x54184	6	name	右少弁	
1506	0x54197	6	name	東宮傅	
1507	0x541AA	8	name	東宮大夫	
1508	0x541BD	8	name	大内守護	
1509	0x541D0	8	name	太宰少弐	
1510	0x541E3	8	name	修理大夫	
1511	0x541F6	10	name	中宮大夫属	
1512	0x54209	8	name	権左中弁	
1513	0x5421C	8	name	権右中弁	
1514	0x5422F	6	name	左中弁	
1515	0x54242	6	name	右中弁	
1516	0x54255	8	name	大膳大夫	
1517	0x54268,0x5427B	12	name	左近衛権中将	
1518	0x5428E,0x542A1	12	name	右近衛権中将	
1519	0x542B4	8	name	中宮大夫	
1520	0x542C7	8	name	弾正大弼	
1521	0x542DA	8	name	左京大夫	
1522	0x542ED	8	name	右京大夫	
1523	0x54300	8	name	太宰大弐	
1524	0x54313	8	name	左衛門督	
1525	0x54326	8	name	右衛門督	
1526	0x54339	8	name	左兵衛督	
1527	0x5434C	8	name	右兵衛督	
1528	0x5435F,0x54385	10	name	左近衛中将	
1529	0x54372,0x54398	10	name	右近衛中将	
1530	0x543AB	6	name	非参議	
1531	0x543BE	6	name	左大弁	
1532	0x543D1	6	name	右大弁	
1533	0x543E4,0x543F7,0x5440A,0x5441D,0x54430,0x54443,0x54456	4	name	参議	
1534	0x54469	6	name	中務卿	
1535	0x5447C	6	name	式部卿	
1536	0x5448F	6	name	治部卿	
1537	0x544A2	6	name	民部卿	
1538	0x544B5	6	name	兵部卿	
1539	0x544C8	6	name	刑部卿	
1540	0x544DB	6	name	大蔵卿	
1541	0x544EE	6	name	宮内卿	
1542	0x54501	8	name	太宰府帥	
1543	0x54514	6	name	按察使	
1544	0x54527	6	name	院別当	
1545	0x5453A	12	name	検非違使別当	
1546	0x5454D	10	name	左近衛大将	
1547	0x54560	10	name	右近衛大将	
1548	0x54573	6	name	弾正尹	
1549	0x54586,0x54599	8	name	権中納言	
1550	0x545AC	6	name	中納言	
1551	0x545BF,0x545D2	8	name	権大納言	
1552	0x545E5	6	name	大納言	
1553	0x545F8	6	name	内大臣	
1554	0x5460B	6	name	右大臣	
1555	0x5461E	6	name	左大臣	
1556	0x54631	8	name	朝日将軍	
1557	0x54644	4	name	摂政	
1558	0x54657	8	name	太政大臣	
1559	0x5466A	10	name	征夷大将軍	
1560	0x5467D	10	name	前太政大臣	
