id	block	index	max_cols	lines	original_ja	translation_zh
0-000	0	0	22	1	%sの%sが%u上がりました	
0-001	0	1	23	2	武将を選択してください\n（最大%u人 １人費用%u）	
0-002	0	2	22	2	武将を選択してください\n（最大%u人）	
0-003	0	3	17	1	どれを行いますか?	
0-004	0	4	15	1	どれを見ますか?	
0-005	0	5	15	1	どれにしますか?	
0-006	0	6	18	1	入力されていません	
0-007	0	7	26	1	それぞれの%sが上がりました	
0-008	0	8	22	1	%sは上がりませんでした	
0-009	0	9	22	1	効果がありませんでした	
0-010	0	10	16	1	財貨が足りません	
0-011	0	11	24	1	実行できる武将がいません	
0-012	0	12	15	1	誰に命じますか?	
0-013	0	13	26	1	これ以上%sは上げられません	
0-014	0	14	34	2	拠点に財貨が不足しています\n%sには１人につき%uの財貨が必要です	
0-015	0	15	26	2	拠点に財貨が不足しています\n%sには%uの財貨が必要です	
0-016	0	16	24	1	今月はもう実行できません	
0-017	0	17	24	1	%sの代官を決めてください	
0-018	0	18	20	1	大将を決めてください	
0-019	0	19	24	2	相手方の棟梁が不在のため\n会えずじまいでした	
0-020	0	20	27	1	財貨をいかほど持参しますか?	
0-021	0	21	26	2	私にお任せください  必ずや\n成果を上げてみせまする	
0-022	0	22	22	2	私以外に任せられる者が\nおりましょうや	
0-023	0	23	22	2	その任務、私が適任かと\n思いまする	
0-024	0	24	16	2	さすがに棟梁殿は\n人を見る目がある	
0-025	0	25	22	3	存分に成果示さねば殿の\n期待を裏切ることになる\n心せねば・・・	
0-026	0	26	18	2	我が働き示す絶好の\n機会となろう	
0-027	0	27	24	2	私の進言は聞き入れては\nもらえなかったのか・・・	
0-028	0	28	24	2	棟梁殿はなぜ私を\n無視なさるのだろう・・・	
0-029	0	29	18	2	私には任せられんと\nいうことか・・・	
0-030	0	30	18	2	病気の身ゆえ\n静養したいのですが	
0-031	0	31	20	2	この地では更に%uは\n開墾可能かと存じます	
0-032	0	32	24	2	国中よく耕され\n豊饒に満ちあふれています	
0-033	0	33	24	1	拠点に%sが不足しています	
0-034	0	34	19	1	いかほど売りますか?	
0-035	0	35	19	1	いくらで買いますか?	
0-036	0	36	16	1	%uの%sを得ました	
0-037	0	37	34	2	このような仕事よりも\n戦場で成果を上げたいものだが・・・	
0-038	0	38	28	1	その量では取り引きできません	
0-039	0	39	26	1	これ以上財貨を増やせません	
0-040	0	40	26	1	これ以上兵糧を増やせません	
0-041	0	41	26	2	財貨を%u得ることができます\n米売を実行しますか?	
0-042	0	42	26	2	兵糧を%u得ることができます\n米買を実行しますか?	
0-043	0	43	28	2	かむろを使うまでもなく\n治安は十分に満たされています	
0-044	0	44	28	2	かむろを使って治安を高めます\n財貨をいくら使いますか?	
0-045	0	45	30	2	かむろたちよ、市中で平氏に\nたてつく者がいないか調べて参れ	
0-046	0	46	20	2	かしこまりました\nさっそく見て参ります	
0-047	0	47	28	2	%sに%s勢力の落ち武者が\n潜んでいるとの噂を聞きました	
0-048	0	48	30	1	町は十分な賑わいをみせています	
0-049	0	49	21	2	これは、これは%s様、\n今日は何用でしょうか?	
0-050	0	50	28	2	申し訳ございません\nただ今、品が手薄でして・・・	
0-051	0	51	26	2	何かお気に召す物でもあれば\nよいのですが・・・	
0-052	0	52	13	1	何をご所望で?	
0-053	0	53	24	2	またのお越しをお待ちして\nおります	
0-054	0	54	16	2	財貨%uが必要です\n	
0-055	0	55	20	2	財貨%uで買い取ります\n	
0-056	0	56	24	1	財貨が足りないようですね	
0-057	0	57	22	3	ありがとうございました\nもう売る物もなくなって\nしまいました	
0-058	0	58	22	2	ありがとうございました\n他の品はいかがですか	
0-059	0	59	20	2	何か変わった物でも\nお持ちですかな・・・	
0-060	0	60	15	1	何を売りますか?	
0-061	0	61	26	1	何もお持ちでないようですね	
0-062	0	62	22	1	ありがとうございました	
0-063	0	63	28	2	ありがとうございました\n他にも何かお売りになりますか	
0-064	0	64	26	1	治安は十分に満たされました	
0-065	0	65	26	1	もう十分に開発されています	
0-066	0	66	17	1	いくらかけますか?	
0-067	0	67	28	1	平泉の商業値が%u上がりました	
0-068	0	68	22	1	もう十分開発されました	
0-069	0	69	26	1	移動できる拠点がありません	
0-070	0	70	30	1	武将の移動先を選択してください	
0-071	0	71	24	1	移動できる武将がいません	
0-072	0	72	19	1	誰を移動させますか?	
0-073	0	73	20	2	%sへ武将を移動します\n	
0-074	0	74	12	1	移動しました	
0-075	0	75	26	1	輸送できる拠点がありません	
0-076	0	76	24	1	輸送する物資がありません	
0-077	0	77	30	1	物資の輸送先を選択してください	
0-078	0	78	24	1	輸送量を入力してください	
0-079	0	79	20	2	%sへ物資を輸送します\n	
0-080	0	80	24	2	輸送します\n来月には届くと思われます	
0-081	0	81	22	2	%sはすでに十分な物資を\n保持しています	
0-082	0	82	22	1	これ以上徴兵できません	
0-083	0	83	28	1	人口が少なく、徴兵できません	
0-084	0	84	29	2	雑兵１人につき財貨1が必要です\n何人徴兵しますか?	
0-085	0	85	19	2	財貨が%u必要です\n徴兵を実行しますか?	
0-086	0	86	28	3	言いつけどおり、雑兵を集めて\n参りました  使いものになれば\nいいのですが	
0-087	0	87	30	2	勇名高き者なら民の反感も少なく\n雑兵を集められるでしょう	
0-088	0	88	26	1	もう十分に鍛えられています	
0-089	0	89	24	1	雑兵の質が%u上がりました	
0-090	0	90	30	1	%sの動員兵の質が%u上がりました	
0-091	0	91	32	1	それぞれ動員兵の質が上がりました	
0-092	0	92	28	1	雑兵は十分に精鋭となりました	
0-093	0	93	20	1	拠点に雑兵がいません	
0-094	0	94	30	1	これ以上の軍団は編成できません	
0-095	0	95	24	1	派遣できる人物がいません	
0-096	0	96	32	1	誰を従軍させますか? （最大%u人）	
0-097	0	97	16	1	財貨が%u必要です	
0-098	0	98	26	1	物資の量を入力してください	
0-099	0	99	20	2	私めより%s様の方が\n大将にふさわしきお方	
0-100	0	100	30	2	この大役、見事勤め務め果たして\nみせまする	
0-101	0	101	24	2	私には到底務まることでは\nございません	
0-102	0	102	20	2	この軍団を派遣します\n	
0-103	0	103	18	1	%s軍を編成しました	
0-104	0	104	24	1	%sの弓術が%u上がりました	
0-105	0	105	28	1	私の矢さばき、とくとご覧あれ	
0-106	0	106	26	2	戦場でへろへろ矢を放っては\n武門の恥、鍛えねばならん	
0-107	0	107	32	1	すでに十分な物資を保持しています	
0-108	0	108	30	1	この治安状態では徴収できません	
0-109	0	109	26	2	徴収すると治安が下がります\nどのくらい徴収しますか?	
0-110	0	110	26	1	%sの治安度が%u下がりました	
0-111	0	111	30	2	菩提高き者なら民の反感も少なく\n物資を集められるでしょう	
0-112	0	112	32	2	言いつけどおり徴収して参りました\n非常時なれば仕方ないですな	
0-113	0	113	34	2	言いつけどおり徴収して参りましたが\n本意ではありませぬ・・・	
0-114	0	114	36	1	都での徴収に朝廷は心を痛めております	
0-115	0	115	14	1	%sを%sしました	
0-116	0	116	18	2	%sを代官に任じます\n	
0-117	0	117	30	1	他に代官にできる武将がいません	
0-118	0	118	30	1	ここでは代官の任命はできません	
0-119	0	119	21	1	誰を任命するのですか?	
0-120	0	120	24	3	やはり私でございましたか\n先程は解任されるのかと\n思いました	
0-121	0	121	26	2	自信はありませんが、やって\nみましょう	
0-122	0	122	30	2	私にできることであれば何なりと\nお申しつけください	
0-123	0	123	26	2	私にお任せください\n必ずや成果上げて見せまする	
0-124	0	124	18	1	在野武将はいません	
0-125	0	125	17	1	誰を登用しますか?	
0-126	0	126	14	2	%sを登用します\n	
0-127	0	127	30	2	私でお役に立てるのであれば\n微力なれど力添えいたしましょう	
0-128	0	128	28	2	いずれ私の方から仕官に伺おう\nと思っていたところです	
0-129	0	129	18	2	これも何かの縁\n臣従いたしましょう	
0-130	0	130	20	1	%sを登用いたしました	
0-131	0	131	30	2	当分仕官するつもりは\nありませぬゆえ、失礼いたします	
0-132	0	132	30	2	ここには仕えたき主もいないゆえ\n失礼いたします	
0-133	0	133	26	2	せっかくのお誘いですが\n主従を契るにはまだ尚早かと	
0-134	0	134	28	2	お主のその才覚、我らのために\n役立ててはくれぬか	
0-135	0	135	28	2	お主のその武勇、我らのために\n役立ててはくれぬか	
0-136	0	136	24	2	乱世を鎮めるのにそなたの\n力を貸してくれぬか	
0-137	0	137	22	1	%sの登用に失敗しました	
0-138	0	138	24	1	解雇できる武将がいません	
0-139	0	139	17	1	誰を解雇しますか?	
0-140	0	140	14	2	%sを解雇します\n	
0-141	0	141	22	2	言われずともこちらから\n去らせていただく！	
0-142	0	142	24	2	そうですか・・・まっ、\n仕方ありませぬな、失礼！	
0-143	0	143	28	1	これも定めというものか・・・	
0-144	0	144	22	2	殿の眼力、見誤っていた\nようですな	
0-145	0	145	24	2	私に何の落ち度があったと\nいうのでしょうか！	
0-146	0	146	22	1	今月は全員処遇済みです	
0-147	0	147	14	1	捕虜がいません	
0-148	0	148	21	1	誰の処遇を決めますか?	
0-149	0	149	27	1	%sをいかように処遇しますか?	
0-150	0	150	16	1	何か御用ですかな	
0-151	0	151	32	2	歓待には財貨・兵糧を%u消費します\n	
0-152	0	152	34	1	歓待に必要な財貨・兵糧が足りません	
0-153	0	153	22	2	%s殿、不都合があれば\n何なりと申してくだされ	
0-154	0	154	26	2	決してそなたを悪いようには\nせぬゆえ、安心してくだされ	
0-155	0	155	28	2	今は%s殿の下で奉公したき所存\n末席に加えてはもらえませぬか	
0-156	0	156	24	3	殊勝な心がけ、相分かった\nこれからは世の平定のため\n十分な働きみせてくれ	
0-157	0	157	8	1	ははー！	
0-158	0	158	26	1	そう簡単に心は許せぬ・・・	
0-159	0	159	30	1	気遣いは無用、ご心配なさらずに	
0-160	0	160	26	2	あなたの好意は分かりますが\n主を変えることはできませぬ	
0-161	0	161	24	2	まだあなたを信用するわけ\nにはいかない	
0-162	0	162	26	1	まあ、悪い気はせぬが・・・	
0-163	0	163	28	3	かような心遣い、感謝の言葉も\nございません\nどうかお気を使わずに	
0-164	0	164	26	2	なかなか武士の扱いを心得た\n方ですな	
0-165	0	165	12	1	かたじけない	
0-166	0	166	36	1	どうやら悪い方ではなさそうだが・・・	
0-167	0	167	22	2	それ程までに目をかけて\nくださるとは・・・	
0-168	0	168	14	2	%sを釈放します\n	
0-169	0	169	26	2	もう捕らえておく理由もない\nどこぞなりと行かれるがいい	
0-170	0	170	28	2	逃してくれるというのか・・・\nかたじけない！失礼！	
0-171	0	171	16	2	%sの首を切ります\n	
0-172	0	172	30	2	今日まで長らえた命もこれまで！\n覚悟めされよ！	
0-173	0	173	28	2	今さら助命願おうとは思わぬ！\nさあ、早く斬るがよい！	
0-174	0	174	26	2	むうっ、敵ながらあっぱれ！\nこれぞ真の武士ぞ！	
0-175	0	175	22	1	むっ無念！・・・・・・	
0-176	0	176	26	2	わしに背く者、許すわけには\nいかぬ・・・	
0-177	0	177	24	2	平氏にあらざるは人にあら\nざるなり	
0-178	0	178	20	1	政子、変わりはないか	
0-179	0	179	30	2	あなた、お疲れのようだから\nしばらく休んでみてはいかがです	
0-180	0	180	24	3	うむ、そうするか・・・・\n・・・・・・・・・・・・\nふうー、よう休んだわ	
0-181	0	181	24	1	頼朝の体力が回復しました	
0-182	0	182	22	2	源氏の世が早く来ること\n心待ちにしております	
0-183	0	183	26	1	うむ、必ずや実現してみせる	
0-184	0	184	26	1	頼朝の無常が%u下がりました	
0-185	0	185	18	2	%s殿には気をつけた\n方がよろしいかと	
0-186	0	186	18	1	うむ、そうか・・・	
0-187	0	187	26	2	あなた、参拝でもして神仏の\n加護を賜ってはいかがです	
0-188	0	188	30	2	朝廷とは親密にしておかなければ\n官位がもらえなくなりますわ	
0-189	0	189	28	1	私、流鏑馬がみとうございます	
0-190	0	190	28	2	鎌倉の西にある富士川は水鳥の\n生息地と聞きます	
0-191	0	191	30	3	荒れ地には温泉が多いとか・・・\n兵の休息に利用できたらいいです\nわね	
0-192	0	192	28	3	海路では海賊に襲われることが\nあると聞き及びました　あなた\nも気をつけてくださいね	
0-193	0	193	24	3	坂東の兵は他のどこよりも\n強いと聞き及びました\n兵を集めるなら坂東ですわ	
0-194	0	194	18	1	巴、変わりはないか	
0-195	0	195	24	3	義仲様の武力なら動員兵の\n質をもっと高めた方がよろ\nしいですわ	
0-196	0	196	30	2	捕虜を捕らえたら歓待しましょう\nきっといいことがあるかと・・・	
0-197	0	197	28	2	私に流鏑馬をやらせてください\n戦闘で遠矢を放ってみせまする	
0-198	0	198	24	2	私を別の拠点に移さないで\nくださいね	
0-199	0	199	28	3	越中の西には倶利伽羅峠という\n切り立った崖のある峠があるそ\nうです	
0-200	0	200	26	3	山で熊に出会ったら退治して\n武人としての名をとどろかせ\nましょう	
0-201	0	201	24	3	兵が少くとも質を高めれば\nきっと戦闘で力を発揮する\nここと存じます	
0-202	0	202	22	3	兵を率いる武将の武力が\n高ければ倍の兵を相手に\nしてもひけはとりませぬ	
0-203	0	203	18	1	静、変わりはないか	
0-204	0	204	28	3	ええ、あなたの長寿を祈って\n歌い舞おうと思っていたところ\nです	
0-205	0	205	24	2	うむ、なにやら体の疲れが\nとれたようだ	
0-206	0	206	24	1	義経の体力が回復しました	
0-207	0	207	28	3	ええ、あなたのご武運を祈って\n歌い舞おうと思っていたところ\nです	
0-208	0	208	26	2	うむ、なにやら神のご加護を\n感じるわい	
0-209	0	209	26	1	義経の加護が１上がりました	
0-210	0	210	28	2	あなた、なんだか顔がすさんで\nきたような気が・・・	
0-211	0	211	28	2	乱世だからな・・・だがお前の\n顔を見れば気も安らいでくる	
0-212	0	212	26	1	義経の菩提が１上がりました	
0-213	0	213	26	2	%s殿に兵書を与えれば\n奇略も可能になるかと・・・	
0-214	0	214	28	3	あなたと同じ名前を持つ武将が\nいると聞き及びました\nとても優れた武人だそうですわ	
0-215	0	215	24	3	いつ敵に攻められてもいい\nように、拠点に軍を置いて\nいてはいかがです	
0-216	0	216	28	2	兵力の高い者を調略して味方に\nつけてはいかがです	
0-217	0	217	28	3	山路では山賊に襲われることが\nあると聞きました　あなたも気\nをつけてくださいね	
0-218	0	218	30	2	ときには海戦で活躍するあなたの\n雄姿が見とうございます	
0-219	0	219	29	2	拠点に財貨が不足しています\n１人につき奉納金100が必要です	
0-220	0	220	24	1	寺または神社がありません	
0-221	0	221	26	2	どうかご加護を・・・・・・\n我に勝利を与えたまえ	
0-222	0	222	24	1	%sの加護が%u上がりました	
0-223	0	223	19	1	何か御用でしょうか?	
0-224	0	224	24	2	退屈してる折、今様などで\n慰めてはくれぬか	
0-225	0	225	23	2	分かりました 殿の長寿を\n祈って歌い舞いましょう	
0-226	0	226	24	1	うむ、見事な舞であった！	
0-227	0	227	26	2	%sの統治を代官に任せます\n委任の方針を決めてください	
0-228	0	228	28	2	%sは現在%sで委任されています\nどう変更しますか?	
0-229	0	229	22	1	私に全てお任せください	
0-230	0	230	30	1	期待に添えるよう尽力いたします	
0-231	0	231	20	1	%sを%sで委任しました	
0-232	0	232	22	1	%sの委任を解除しました	
0-233	0	233	22	2	勇名高き者ならば交渉も\nまとまりやすいでしょう	
0-234	0	234	26	1	懐柔できる勢力がありません	
0-235	0	235	23	1	どの勢力を懐柔しますか?	
0-236	0	236	26	1	必ずや成果おさめて参ります	
0-237	0	237	28	1	うまくいきますかどうか・・・	
0-238	0	238	24	2	成功するとは思えませんが\n・・・	
0-239	0	239	26	3	財貨も持たせずに懐柔に行け\nというのだろうか　殿は何を\n考えているのやら	
0-240	0	240	24	2	これしきの財貨では手土産\nにもならぬと思うが・・・	
0-241	0	241	24	2	相手方の棟梁が不在のため\n会えずじまいでした	
0-242	0	242	24	1	%s勢力の使者が参りました	
0-243	0	243	30	2	むっ、いったい何用で参られた！\n主よりの口上、申して見よ！	
0-244	0	244	20	2	これは%s殿、いったい\n何用で参られたのかな	
0-245	0	245	28	2	貴殿自らやってくるとは・・・\nまあ、話だけは聞いて進ぜよう	
0-246	0	246	28	2	貴殿自らおいでとは、いかなる\n御用向きでござろう?	
0-247	0	247	28	2	我が殿は貴殿との友好を望んで\nおります　どうか良きお返事を	
0-248	0	248	26	3	こたびは両家の絆、さらに\n深めるべく参上つかまつった\nいかがであろう	
0-249	0	249	24	3	友好を築こうと言いながら\n手ぶらでやってくるとは\n信用ならぬ！帰られよ！	
0-250	0	250	24	3	これしきの金で懐柔しよう\nなどとは馬鹿にするにも程\nがある！帰られよ！	
0-251	0	251	24	3	我らを見くびっておられる\nようだな・・・財貨など\n要らぬ！帰るがよい！	
0-252	0	252	28	2	貴殿には外交の使者は荷が重い\nのではないかな、では失礼する	
0-253	0	253	26	3	我らが武門と肩を並べている\nつもりなら寝言も甚だしい！\n帰られよ！	
0-254	0	254	26	3	いや、いつまでも甘い態度を\nとるつもりはない！\nお引き取り願おう！	
0-255	0	255	28	2	あいにく戯れ言に耳を貸す気は\nない！失せるがよい！	
0-256	0	256	24	2	そなたには悪いが、ここは\nお引き取り願いたい	
0-257	0	257	24	3	どうやらお主は天下の計を\n図る器量を持ちあわせて\nおらんようじゃな	
0-258	0	258	26	2	くっ、これでは殿に申し訳が\nたたん・・・	
0-259	0	259	24	2	何と器量のせまいことよ！\n期待したわしが馬鹿だった	
0-260	0	260	22	2	ぬうっ、相分かった！\n次に会うときは戦場ぞ！	
0-261	0	261	24	3	友好を築こうと言うわけか\n・・・相分かった、これは\n受け取っておこう	
0-262	0	262	30	3	貴殿が外交の使者とは心許ないが\n申し出を受けるとしよう\nこの成果を手柄とするがよい	
0-263	0	263	26	2	豪族といえどむげにはできぬ\n申し出を受けるとしよう	
0-264	0	264	26	2	そうだな、断る理由もないし\n申し出を受けるとしよう	
0-265	0	265	26	3	いや、ここはひとまず友好を\n築いたほうがよかろう\nその申し出、受けるとする！	
0-266	0	266	26	2	当家としてもそれは願っても\nないこと、快く承るとしよう	
0-267	0	267	26	3	さすがに天下の計を図る器量\nを持っておられる\nよき関係築けそうですな	
0-268	0	268	26	2	有り難い！これで私の面目も\n保てるというものです	
0-269	0	269	28	2	おお！話の分かる方でよかった\n良き関係築けそうですな	
0-270	0	270	26	2	かたじけない！殿もお喜びに\nなることでしょう	
0-271	0	271	26	3	献上の財貨も持たずにやって\nくるとはなんたる非礼！\n追い返しましょう	
0-272	0	272	26	3	雀の涙程の財貨で懐柔しよう\nなどと・・・受け取っては\n武門に傷がつきますぞ	
0-273	0	273	24	2	相手にすることありませぬ\n追い返しましょう	
0-274	0	274	24	3	かような弱小豪族、相手に\nすることございませぬ\nひねりつぶせばよいのです	
0-275	0	275	24	3	受諾しておいても損はない\nでしょう　対立するよりは\n友好を保つに限ります	
0-276	0	276	26	2	覇権を争う仲に友好なぞ\nあり得ませぬ！断りましょう	
0-277	0	277	20	3	覇権を争う仲なれど\nひとまず友好を保って\nおくのも策のうちかと	
0-278	0	278	32	1	%s勢力との友好度が%u上がりました	
0-279	0	279	24	1	%s勢力との関係は磐石です	
0-280	0	280	32	1	%s勢力との友好度が%u下がりました	
0-281	0	281	38	1	%s勢力との関係は冷えきってしまいました	
0-282	0	282	21	2	どの件を奏上しますか?\n（朝廷関係:%u）	
0-283	0	283	28	2	優雅高き者ならば宮廷での\n礼儀もわきまえているでしょう	
0-284	0	284	24	1	私でよろしいのでしょうか	
0-285	0	285	26	1	よき成果、上げてみせまする	
0-286	0	286	26	2	こたびはご機嫌うるわしゅう\n結構なご様子でございますな	
0-287	0	287	30	2	ふむ・・・何用かな・・・\n事と次第によってはご助力致そう	
0-288	0	288	24	3	武門なれば、なにぶん失礼\nつかまつります　どうか\nご容赦召されますよう	
0-289	0	289	24	2	そうかたくならずに・・・\n何用で参ったのかな	
0-290	0	290	30	3	無骨な輩なれどいたしかたないか\n・・・よかろう、話だけは聞いて\n進ぜよう	
0-291	0	291	26	3	宮中の礼儀作法も知らぬ輩が\n何用か・・・ま、話だけは\n聞いて進ぜよう	
0-292	0	292	28	2	本日のお目通り、当家としても\n真に恐悦至極でございます	
0-293	0	293	20	3	洛中はおろか宮中まで\n噂聞き及んでおるぞ\n何なりとお話くだされ	
0-294	0	294	26	2	自ら奏上とは殊勝な心がけよ\n話を聞いて進ぜよう	
0-295	0	295	26	2	今更何用で参ったというのか\nま、話だけは聞いて進ぜよう	
0-296	0	296	24	2	心ばかりの品にて恥ずかし\nけれど、お納めください	
0-297	0	297	24	2	ふむ、まあ貰っておこうか\n・・・して、他に用でも?	
0-298	0	298	22	3	あぁ、左様なはした金で\n歓心を買おうとは・・・\nこれにて失礼する	
0-299	0	299	24	1	朝廷関係が%u下がりました	
0-300	0	300	36	1	朝廷との関係は冷えきってしまいました	
0-301	0	301	16	2	今日の所はこれで\n失礼いたしまする	
0-302	0	302	24	2	殊勝な心がけを忘れぬよう\nにな・・・	
0-303	0	303	24	1	朝廷関係が%u上がりました	
0-304	0	304	22	1	朝廷との関係は磐石です	
0-305	0	305	24	2	真の朝臣たる証に、官位を\n名乗る事を許して頂きたい	
0-306	0	306	20	3	真の朝臣たる証として\n我が主が官位を名乗る\nことを許して頂きたい	
0-307	0	307	30	2	そなたの言うことももっともだが\nもう少し考えさせてはくれぬか	
0-308	0	308	26	3	もう少し良き関係築いてから\nでも遅くはないと思うのだが\nでは失礼する	
0-309	0	309	30	2	あなた方のことは信頼しているが\nもう少し考えさせてくれぬか	
0-310	0	310	26	3	まだ信頼を築く余地があると\n思うのだが・・・\n次の機会にしてはもらえぬか	
0-311	0	311	24	3	そのような無心、まだ早い\nのではないかな・・・\nでは、失礼する	
0-312	0	312	30	2	立場をわきまえて申しておるのか\n出直してまいれ	
0-313	0	313	26	2	今より上の位など望むべくも\nなかろう	
0-314	0	314	28	3	今、空いている位がなくてな、\nもう少し待てば空きもでてくる\nだろうが・・・	
0-315	0	315	22	1	官位は貰えませんでした	
0-316	0	316	18	2	致し方あるまい、%s\nの位を授けよう	
0-317	0	317	10	1	ははーっ！	
0-318	0	318	14	2	%sが%sの\n位を賜りました	
0-319	0	319	14	1	豪族がいません	
0-320	0	320	19	1	どの勢力にしますか?	
0-321	0	321	24	2	うむっ、ご苦労！主よりの\n口上聞くといたそうか	
0-322	0	322	28	2	貴殿自らおいでとは、いかなる\n御用向きでござろう?	
0-323	0	323	28	3	座して死を待つより、我が\n傘下にて共に天下の計を図らん\nいざ決断を！	
0-324	0	324	24	2	なんたる無礼！立場をわき\nまえておるのか、貴様は！	
0-325	0	325	28	3	かような屈辱、黙っておれぬ！\n弓取る者ならば戦場で戦って\n結果を出すものぞ！	
0-326	0	326	26	2	戦わずして負けたとあっては\n武門の恥！断る！	
0-327	0	327	26	2	寝言もたいがいにせい！己の\n力量を知るのが先であろう！	
0-328	0	328	26	3	ううむ・・・致し方あるまい\nこれも定めか・・・\n受け容れるとしよう	
0-329	0	329	22	2	ぬうっ、相分かった！\n次に会うときは戦場ぞ！	
0-330	0	330	24	3	賢明なる判断ですな\nこれで無駄な血を流さずに\nすむというもの	
0-331	0	331	28	1	%s勢力が我が傘下に入りました	
0-332	0	332	18	1	脅迫は失敗しました	
0-333	0	333	32	2	%s勢力が派遣していた軍団は解散し\n武将たちは在野に下りました	
0-334	0	334	26	2	我らが傘下に入りて、ともに\n天下の計を図らん	
0-335	0	335	18	1	要請は失敗しました	
0-336	0	336	30	2	優雅の誉れ高く、和歌をたしなむ\n者ならばうまくいくでしょう	
0-337	0	337	32	2	朝廷と歌会を催し、友好を深めます\n	
0-338	0	338	26	2	結構な趣向でございましたな\n%s殿	
0-339	0	339	28	1	では次の歌会も楽しみに・・・	
0-340	0	340	36	2	歌会は盛況のうちに終わり、朝廷関係が\n%u上がりました	
0-341	0	341	34	2	歌会は盛況のうちに終わり、朝廷との\n関係はすこぶる良好です	
0-342	0	342	26	3	せっかくの趣向でしたが盛り\n上がりに欠けたようですな、\n%s殿	
0-343	0	343	26	2	私の技芸が至らないばかりに\n・・・	
0-344	0	344	34	2	歌会は盛り上がりに欠け、朝廷関係が\n%u下がりました	
0-345	0	345	36	2	歌会は盛り上がりに欠け、朝廷と友好を\n深めることはできませんでした	
0-346	0	346	22	1	では僭越ながら私が一句	
0-347	0	347	26	2	%s殿はなかなか風雅に通じて\nおられますな	
0-348	0	348	26	2	もう少し情感にあふれた方が\nよかったですな	
0-349	0	349	24	2	下の句をお忘れになられた\nのかな、%s殿	
0-350	0	350	26	2	いささか季節外れではござら\nぬかな、%s殿	
0-351	0	351	26	2	上の句と下の句が合ってない\nのでは、%s殿	
0-352	0	352	18	1	そこは空白拠点です	
0-353	0	353	26	1	計略できる拠点がありません	
0-354	0	354	32	1	どこに仕掛けますか? （要財貨50）	
0-355	0	355	20	2	焼き討ちを実行します\n	
0-356	0	356	26	1	焼き討ちは成功した模様です	
0-357	0	357	22	1	すぐに鎮火した模様です	
0-358	0	358	28	1	あまりいい気はしませぬ・・・	
0-359	0	359	22	2	やはり正攻法でいくべき\nでしたか・・・	
0-360	0	360	22	2	火の手が上がるところ\nご覧になられましたかな	
0-361	0	361	22	2	申し訳ありません、次は\n必ず・・・	
0-362	0	362	30	1	どこに送りますか? （要財貨50）	
0-363	0	363	18	2	%sの内情を探ります\n	
0-364	0	364	38	1	%sの内情をつかむことに成功したようです	
0-365	0	365	28	1	%sの内情はつかめませんでした	
0-366	0	366	32	1	すでに%sの内情はつかんでおります	
0-367	0	367	22	2	扇動し、治安を下げます\n	
0-368	0	368	42	1	扇動し、治安を下げることに成功したようです	
0-369	0	369	28	1	扇動は効果がありませんでした	
0-370	0	370	24	1	悪しき噂流して参りました	
0-371	0	371	26	1	不穏な空気、漂い始めました	
0-372	0	372	24	2	この喧騒に乗じて焼き討ち\nしてはいかがかと・・・	
0-373	0	373	15	1	どこにしますか?	
0-374	0	374	17	1	誰を調略しますか?	
0-375	0	375	36	1	その拠点に関する情報が不足しています	
0-376	0	376	36	1	その拠点には調略できる武将がいません	
0-377	0	377	30	1	その拠点とは対立関係にあります	
0-378	0	378	14	2	%sを調略します\n	
0-379	0	379	24	1	その武将は調略できません	
0-380	0	380	26	2	申しわけありません\n門前払いされてしまいました	
0-381	0	381	22	2	むっ、これは%s殿、一体\n何用で参られたのか	
0-382	0	382	22	2	やあ、これはこれは%s殿\nいかがなされたのかな	
0-383	0	383	22	2	ほう、これはこれは%s殿\nいかがいたしたのじゃ	
0-384	0	384	28	1	我らが勢力に加わる気はないか	
0-385	0	385	26	2	我らが勢力に身を投じる気は\nないか	
0-386	0	386	24	3	・・・・・分かりました\n私でお役にたてるのならば\nこの身を投じてみましょう	
0-387	0	387	24	3	これも何かの縁か・・・\n相分かった、私で良ければ\n力添えいたしましょう	
0-388	0	388	22	1	%sの調略に成功しました	
0-389	0	389	26	3	そうたやすく主を変えるほど\n私は不義理ではない！\nお引き取り願おう	
0-390	0	390	24	3	あいにくだが私の気持ちは\n変わらない　あなたこそ現\n状に不満はないのかな	
0-391	0	391	28	1	%sの調略は失敗に終わりました	
0-392	0	392	28	3	あなたの言うことももっともだ\n今が私の転機かもしれん\nそちらの末席に加わりましょう	
0-393	0	393	22	2	使者の%sが%s勢力に\n身を投じてしまいました	
0-394	0	394	26	3	%s様、%s勢力から\n%sに調略に来た%sが\n逆に我が勢力に加わりました	
0-395	0	395	44	2	福原と京を両方支配していて、福原が都の場合、\n福原で実行できます	
0-396	0	396	38	2	朝廷との融和政策として都を京に戻します\n	
0-397	0	397	26	3	都は京にこそふさわしきもの\nこれで朝廷の不満も\n抑えられたら・・・	
0-398	0	398	22	2	いかほどの財貨で雑兵を\n寝返らせますか?	
0-399	0	399	22	2	財貨%uで雑兵を誘います\n	
0-400	0	400	36	1	雑兵を%u人寝返らせる事に成功しました	
0-401	0	401	30	1	ついてきた雑兵はいませんでした	
0-402	0	402	22	3	もっと治安を下げてから\n仕掛けたほうがいいかも\nしれません	
0-403	0	403	24	3	私の勇名がもっと高ければ\nついてきた者もいたかもし\nれませんが・・	
0-404	0	404	24	3	途中、見つかりそうになり\nまして・・・申し訳ござい\nません	
0-405	0	405	26	1	これ以上雑兵を増やせません	
0-406	0	406	18	1	うむ、そうか・・・	
0-407	0	407	12	1	分かっておる	
0-408	0	408	14	1	うむ、よかろう	
0-409	0	409	28	2	覇権を狙う大勢力です\nゲーム中は４つまで存在します	
0-410	0	410	28	3	武家以外の小勢力です\n覇権争いには参加しませんが\n後に武家になることがあります	
0-411	0	411	30	3	清和天皇の流れをくむ勢力です\n源頼朝、源義仲ともに源氏として\n打倒平氏に立ちあがりました	
0-412	0	412	28	3	桓武天皇の流れをくむ勢力です\n畿内を基盤に政権を掌握し\n貴族化しました	
0-413	0	413	28	3	奥州を基盤にした武家勢力です\n中央の勢力と比べても遜色ない\n栄華を誇っていました	
0-414	0	414	24	3	勢力の長です　棟梁が死亡\nした場合、棟梁と縁のある\n者のみが後を継げます	
0-415	0	415	28	3	棟梁の代理人として\n拠点を統治する者です\n統治を委任することができます	
0-416	0	416	28	3	棟梁の配下の武将です\n全ての勢力に共通の呼称として\n使用します	
0-417	0	417	26	3	戦場から落ち延びた武将です\n勢力に復帰するため随時移動\nしています	
0-418	0	418	28	2	財貨でかき集めた徒歩武者です\nなぎなたを装備しています	
0-419	0	419	24	3	武将が率いる騎馬武者です\n動員兵の数は武将の動員力\nによります	
0-420	0	420	28	3	武将が率いることのできる\n動員兵の最大数です\n武将の官位によって変わります	
0-421	0	421	30	2	平氏が町の警備に使う子供です\nおかっぱ頭に赤い服を着ています	
0-422	0	422	28	3	宴席に召される舞姫です\n男装をして流行りの今様などを\n歌い舞いました	
0-423	0	423	24	2	奥州藤原氏のもとに出入り\nする金売り商人です	
0-424	0	424	28	3	武将の貴族的な名声の高さです\n優雅が高いほど朝廷との交渉で\n有利になります	
0-425	0	425	28	3	武将の武士的な名声の高さです\n勇名が高いほど豪族との外交で\n有利になります	
0-426	0	426	20	3	武将の信心の深さです\n菩提が高いほど加護が\n上がりやすくなります	
0-427	0	427	22	3	武将の運の良さです\n加護が高いほど悪い事が\n起こりにくくなります	
0-428	0	428	23	3	武将の無常感の高さです\n無常が100になると武将が\n出家します	
0-429	0	429	24	3	仏門に入ることです\n出家した武将は勢力を離れ\nゲーム中から除外されます	
0-430	0	430	30	3	都を制圧している勢力が有します\n朝廷関係が低くても奏上で官位を\nもらう事が可能です	
0-431	0	431	30	9	      {C6}朝廷戦略説明{C7}\n\n  朝廷は、１つの勢力が強大にな\nりすぎるのを懸念し、常に大勢力\nに不利になるよう働きかけます。\nしたがって、朝廷とは早期のうち\nから友好関係を保つようにして、\n妨害される前に覇権を握ることが\n得策です。	
0-432	0	432	30	9	      {C6}召集説明{C7}\n\n　召集とは配下の武将を呼び集め\nる行為で、１月と７月に行われま\nす。集められた武将は勢力の状況\nを判断して助言をします。また、\n朝廷関係が高く、勲功の高い武将\nがいれば朝廷から官位がもらえ、\n配下に与えることができます。	
0-433	0	433	30	9	      {C6}統治戦略説明{C7}\n\n  各勢力は、拠点を統治して力を\n蓄えます。統治の仕方は内政が得\n意な平氏、軍事が得意な源氏と、\n勢力によって異なります。軍団を\n編成すれば行軍フェイズ時に行軍\nさせられます。軍団を作らなけれ\nば統治に専念できます。	
0-434	0	434	30	9	      {C6}行軍戦略説明{C7}\n\n  編成した軍団を行軍させ、他勢\n力の拠点・軍団と合戦します。合\n戦に勝つことによって他勢力の軍\n団を壊滅したり、拠点を制圧した\nりできます。もし自勢力が支配拠\n点を持たず、軍団のみであれば、\n行軍を繰り返します。	
0-435	0	435	30	9	      {C6}動員力説明{C7}\n\n　動員力は官位によって定められ\n官位が高いほど多くの動員兵を従\nえることができます。官位は論功\n時に勲功の高さに応じて与えるこ\nとができます。また、戦闘で減っ\nた動員兵は拠点にいれば自動回復\nしていきます。	
0-436	0	436	24	3	開墾して農業値を上げます\n農業値に応じて秋の収穫が\n決まります	
0-437	0	437	24	3	兵糧を売って財貨を得ます\n基本的に買値の3/5程度の\n財貨が得られます	
0-438	0	438	25	3	財貨で兵糧を買い付けます\n得たい兵糧の5/3程度の財貨\nが必要です	
0-439	0	439	24	3	平氏のみ実行できます\n市中に子供の密偵を放って\n治安を上げ、情報を得ます	
0-440	0	440	22	3	平氏のみ実行できます\n商業を奨励して商業値を\n上げます	
0-441	0	441	30	3	平氏が福原か京にいるときのみ\n宋商人と珍宝を売買いできます\n買った珍宝は棟梁の物になります	
0-442	0	442	28	3	平氏以外が実行できます\n巡検をさせて治安を高めます\n治安が低いと人口が下がります	
0-443	0	443	26	3	商人と宝物を売買します\n買った宝物は論功行賞で配下\nに与えることができます	
0-444	0	444	30	3	藤原氏の棟梁のみ金売り商人の\n吉次と珍品を売買いできます\n買った珍品は棟梁の物になります	
0-445	0	445	24	3	平泉でのみ実行できます\n金山の開発をして商業値を\n上げます	
0-446	0	446	28	2	武将・捕虜を隣接する支配拠点\nに移動させます	
0-447	0	447	26	3	財貨・兵糧・雑兵を隣接する\n支配拠点に輸送します\n１カ月後に到着します	
0-448	0	448	24	3	拠点から雑兵を徴兵します\n人口が最大人口の2/5未満\nの場合は実行できません	
0-449	0	449	28	1	雑兵を訓練して兵質を高めます	
0-450	0	450	30	2	平氏以外が実行できます\n動員兵を訓練して兵質を高めます	
0-451	0	451	26	2	軍団を編成します\n合計８軍団まで編成できます	
0-452	0	452	26	3	源氏のみ実行できます\n流鏑馬を催して武将の弓術を\n向上させます	
0-453	0	453	26	3	源氏のみ実行できます\n財貨・兵糧を徴収します\n治安が低いと実行できません	
0-454	0	454	22	3	代官を任命します\n棟梁のいる拠点では実行\nできません	
0-455	0	455	24	2	拠点にいる在野武将を登用\nします	
0-456	0	456	26	3	拠点にいる武将を解雇します\n代官に任命されている者は\n解雇できません	
0-457	0	457	20	3	歓待することで捕虜が\n登用を志願することが\nあります	
0-458	0	458	24	3	寺か神社のある拠点でのみ\n実行できます\n参拝をして加護を高めます	
0-459	0	459	26	3	平氏の棟梁のみ実行できます\n白拍子の舞を見ることで能力\nが変化します	
0-460	0	460	30	3	源頼朝のみ実行できます\n妻の政子と会うことで能力が変化\nしたり、情報が得られたりします	
0-461	0	461	24	3	源義仲のみ実行できます\n妻の巴と会うことで情報が\n得られます	
0-462	0	462	30	3	Ｓ４の源義経のみが実行できます\n愛妾の静と会うことで能力が変化\nしたり、情報が得られたりします	
0-463	0	463	32	2	拠点の統治を代官に委任します\n棟梁のいる拠点では委任できません	
0-464	0	464	26	2	他勢力を懐柔し、友好を高め\nます	
0-465	0	465	24	3	財貨を献上して関係を高め\n朝廷から棟梁が官位を貰う\nことができます	
0-466	0	466	28	3	平氏のみ実行できます\n豪族に対して降伏を勧告し\n応じた豪族は勢力下に入ります	
0-467	0	467	28	3	平氏のみ実行できます\n貴族達と歌会を開いて朝廷と\nの関係を上げることができます	
0-468	0	468	28	3	平氏以外が実行できます\n豪族に対して従属を要請し\n応じた豪族は勢力下に入ります	
0-469	0	469	24	2	他勢力の拠点に密偵を送り\n情報を得ます	
0-470	0	470	24	2	他勢力の拠点を焼き討ちし\n物資を減らします	
0-471	0	471	24	2	他勢力の拠点に扇動工作を\n仕掛けて治安を下げます	
0-472	0	472	30	2	情報を得ている他勢力の拠点に\nいる武将を自勢力に引き入れます	
0-473	0	473	26	3	藤原氏のみ実行できます\n財貨を使って他勢力の雑兵を\n自勢力に引き入れます	
0-474	0	474	26	3	源氏のみ実行できます\n人物の能力によって他勢力の\n雑兵を自勢力に引き入れます	
0-475	0	475	22	2	隣接する他勢力軍または\n拠点を攻撃します	
0-476	0	476	26	2	移動範囲内にいる他勢力軍と\n拠点の情報を得ます	
0-477	0	477	24	2	近くに潜んでいる落ち武者\nを捜索し、捕らえます	
0-478	0	478	26	2	源氏のみ実行できます\n狩猟を行って士気を高めます	
0-479	0	479	26	2	平氏のみ実行できます\n管弦を奏して士気を高めます	
0-480	0	480	28	2	源氏と平氏は実行できません\n兵に物資を施し士気を高めます	
0-481	0	481	24	2	他勢力軍の荷駄に火を着け\n物資を燃やします	
0-482	0	482	26	2	他勢力軍に偽の情報を流して\n士気を下げます	
0-483	0	483	26	3	源氏のみ実行できます\n他勢力軍に扇動工作を仕掛け\n雑兵を離脱させます	
0-484	0	484	26	3	平氏のみ実行できます\n他勢力軍の雑兵に金を渡して\n軍から離脱させます	
0-485	0	485	26	3	藤原氏のみ実行できます\n他勢力軍の雑兵に金を渡して\n自勢力に引き入れます	
0-486	0	486	28	1	支配拠点から物資を調達します	
0-487	0	487	30	2	軍団を解散して自勢力の支配拠点\nに戻します	
0-488	0	488	30	1	%s様、%sにて密偵を捕らえました	
0-489	0	489	30	1	%s様、%sにて密偵を捕らえました	
0-490	0	490	32	2	%s様、%sの屋敷から火の手が\n上がりましたがすぐに鎮火しました	
0-491	0	491	26	2	%s様、%sの屋敷が焼き討ちを\n受けました	
0-492	0	492	24	2	%s様、%sにて扇動工作を\nしていた者を捕らえました	
0-493	0	493	24	2	%s様、%sの治安がにわかに\n乱れ始めました	
0-494	0	494	28	2	%s様、%sにて雑兵を引き抜こう\nとした者がいたようです	
0-495	0	495	28	2	%s様、%sにて雑兵が引き抜かれ\nました	
0-496	0	496	24	2	%s様、%sにて雑兵を奪おう\nとした者がいたようです	
0-497	0	497	30	1	%s様、%sにて雑兵が奪われました	
0-498	0	498	26	2	%s様、%sにて不審な人物を\n見かけたので追い返しました	
0-499	0	499	22	2	%s様、%sは%s勢力に身を\n投じてしまいました	
0-500	0	500	24	2	%s様、%sにて%sが\n%sと密談しているようです	
0-501	0	501	20	2	%s様、%s勢力の使者が\n%sに参りました	
0-502	0	502	24	2	%s様、%s殿が自ら外交の\n使者として%sに参りました	
0-503	0	503	24	2	%s様、委任中の%sから%sへ\n武将の移動がありました	
0-504	0	504	26	1	%sに武将が不在となりました	
0-505	0	505	30	2	%sはここに全ての勢力を一掃し、\n覇権を手中に収めた	
0-506	0	506	30	1	各地で雪解けの兆しがみられます	
0-507	0	507	36	2	%s地方に地震が発生し、%sでは\n建物が倒壊し、大きな被害がでています	
0-508	0	508	26	1	各地で雨が降り続いています	
0-509	0	509	36	2	折からの長雨で%s地方の%sでは\n洪水が発生し、大きな被害がでています	
0-510	0	510	16	1	空は荒れ模様です	
0-511	0	511	34	3	%s地方で台風が猛威をふるっています\n%sは直撃を受け、町中に\n大きな被害がでています	
0-512	0	512	32	2	%sは冷害に悩まされているようです\n秋の収穫が心配されます	
0-513	0	513	24	2	雨期も去り、列島は猛暑に\n見舞われています	
0-514	0	514	28	2	%s地方の%sでは日照りにより\n不作に悩まされているようです	
0-515	0	515	34	3	害虫に悩まされている拠点があります\n秋の収穫に影響がでそうです\n%s	
0-516	0	516	34	2	各地で農民たちが豊作を喜んでいます\n%s	
0-517	0	517	28	3	%s地方で疫病が流行しています\n%sでは住民たちが\n病に倒れ大混乱しています	
0-518	0	518	18	3	疫病が%sに広がり\n住民、兵士たちは\n病に苦しんでいます	
0-519	0	519	18	1	疫病が鎮静しました	
0-520	0	520	28	1	一部地域で疫病が鎮静しました	
0-521	0	521	28	1	各地で豪雪に見舞われています	
0-522	0	522	22	1	疫病が鎮静したようです	
0-523	0	523	18	2	%s様、%sの\n%sが病に倒れました	
0-524	0	524	18	2	%sの\n%sが病に倒れました	
0-525	0	525	24	2	日の本に聞こえし勇君%s、\n今ここに散る・・・	
0-526	0	526	12	1	%sが%sにより	
0-527	0	527	16	2	%sの代官、%s殿が\n%sにより	
0-528	0	528	12	2	大将の%s殿が\n%sにより	
0-529	0	529	14	2	%s殿が%sにより\n	
0-530	0	530	24	1	%sは野辺に朽ち果てました	
0-531	0	531	26	1	捕虜の%sが死亡したようです	
0-532	0	532	16	1	%sが後を継ぎます	
0-533	0	533	25	1	誰に%sの後を継がせますか?	
0-534	0	534	19	1	%sでよろしいですか?	
0-535	0	535	22	1	%sが後を継いだようです	
0-536	0	536	30	1	%sの後任の代官を決めてください	
0-537	0	537	18	2	自信はありませんが\nやってみましょう	
0-538	0	538	30	2	私にできることであれば何なりと\nお申しつけ下さい	
0-539	0	539	26	2	私にお任せください\n必ずや成果上げて見せまする	
0-540	0	540	26	1	後任の大将を決めてください	
0-541	0	541	22	2	自信はありませんが\n命じられるままに・・・	
0-542	0	542	26	1	見事、戦績上げて見せまする	
0-543	0	543	26	2	私にお任せください。\n必ずや戦績上げて見せまする	
0-544	0	544	28	1	%sの代官は、%sが引き継ぎます	
0-545	0	545	24	1	大将は、%sが引き継ぎます	
0-546	0	546	32	1	武将不在のため軍団が消滅しました	
0-547	0	547	34	3	%sは戦乱の世にあって花と散り\nその勢力は歴史の渦に呑まれるように\n消滅した	
0-548	0	548	36	2	朝廷は%s勢力が他勢力と結びつくことを\n懸念し、何か画策しているようです	
0-549	0	549	26	2	%s勢力の台頭に対し全国的に\n不信感が募っています	
0-550	0	550	24	2	どうやら朝廷が%sと接触を\n図ったようです	
0-551	0	551	28	2	%sは朝廷に何か言い含められた\nようです	
0-552	0	552	32	2	%sは朝廷との関係に見切りをつけた\nようです	
0-553	0	553	26	2	豪族の%sが朝廷の策略により\n武家勢力へと昇格しました	
0-554	0	554	34	2	在野武将で新しい武家勢力に加わった\n者がいるようです	
0-555	0	555	14	1	%s軍の勝利です	
0-556	0	556	38	1	戦闘中に捕らえられた者が戻ってきました	
0-557	0	557	24	2	%sはこの戦闘で武将%u名を\n失いました	
0-558	0	558	16	1	%sを制圧しました	
0-559	0	559	18	1	%sが制圧されました	
0-560	0	560	26	2	見たか、私の力！逆らう者は\n容赦せぬぞ！	
0-561	0	561	22	1	民は怯えているようです	
0-562	0	562	24	2	ふむ、ここの拠点には他に\n敵武将はいないようだな	
0-563	0	563	22	2	よし！拠点にいた奴らも\n全員捕まえたぞ！	
0-564	0	564	26	2	どうやら拠点から逃げ出した\n奴がいるようだな	
0-565	0	565	24	1	捕虜を%u名、捕らえました	
0-566	0	566	24	1	%sの処遇をお決めくだされ	
0-567	0	567	12	1	斬るが良い！	
0-568	0	568	16	1	誰が貴様なぞに！	
0-569	0	569	12	1	無駄だ・・・	
0-570	0	570	18	1	これも定めか・・・	
0-571	0	571	16	1	意のままに・・・	
0-572	0	572	16	1	是非もなく・・・	
0-573	0	573	18	1	仕方あるまい・・・	
0-574	0	574	22	1	%sをわが軍に編入します	
0-575	0	575	20	2	%sを登用しました\n%sにて任につかせます	
0-576	0	576	24	2	捕虜になろうとも簡単には\n登用されぬぞ！	
0-577	0	577	24	1	くっ、かような屈辱・・・	
0-578	0	578	20	1	%sを%sの牢に繋ぎます	
0-579	0	579	24	2	%sが宝物を持っていたので\n棟梁殿の元にお届けします	
0-580	0	580	8	1	ぐぬっ！	
0-581	0	581	24	2	ああ・・・このような所で\n朽ち果てようとは・・・	
0-582	0	582	20	2	仰せのとおり、%sの\n首をはねました・・・	
0-583	0	583	28	2	ふんっ！恩に着せたつもりか！\n・・・まあいいだろう	
0-584	0	584	28	2	どうやら貴殿のこと、見誤って\nいたようだ・・・	
0-585	0	585	22	1	ありがたい！恩にきる！	
0-586	0	586	18	2	仰せのとおり、%sを\n野に解き放ちました	
0-587	0	587	22	1	%sは%sへ逃げ込みました	
0-588	0	588	18	2	仰せのとおり、%sを\n解き放ちました	
0-589	0	589	34	2	戦闘中に死亡した敵将%sが持っていた\n宝物を棟梁殿の元にお届けします	
0-590	0	590	20	2	我が勢力の者が%sにて\n捕らえられていました	
0-591	0	591	30	2	ふうー、やっと牢から出られたわ\n感謝しますぞ！	
0-592	0	592	23	1	誰を軍団に編入しますか?	
0-593	0	593	14	1	編入をやめます	
0-594	0	594	22	1	%s軍に%sを編入しました	
0-595	0	595	23	1	%s軍に%sを編入しますか?	
0-596	0	596	34	1	救出した武将は%sにて任につかせます	
0-597	0	597	17	1	%sに帰還しますか?	
0-598	0	598	16	1	%sに帰還しました	
1-000	1	0	26	2	%s%sが\n病気のため死亡いたしました	
1-001	1	1	26	2	%s%sが\n老衰のため死亡いたしました	
1-002	1	2	26	2	%sの代官、%s%s殿が\n病気のため死亡いたしました	
1-003	1	3	26	2	%sの代官、%s%s殿が\n老衰のため死亡いたしました	
1-004	1	4	26	2	大将の%s%s殿が\n病気のため死亡いたしました	
1-005	1	5	26	2	大将の%s%s殿が\n老衰のため死亡いたしました	
1-006	1	6	18	2	%s%s殿が病気のため\n死亡いたしました	
1-007	1	7	18	2	%s%s殿が老衰のため\n死亡いたしました	
1-008	1	8	26	1	%s%sは野辺に朽ち果てました	
1-009	1	9	28	1	捕虜の%s%sが死亡したようです	
1-010	1	10	18	1	%s%sが後を継ぎます	
1-011	1	11	24	1	%s%sが後を継いだようです	
1-012	1	12	32	2	武将不在のため、%sの本拠が維持\nできません　支配拠点に降格します	
1-013	1	13	20	2	自信はありませんが、\nやってみましょう	
1-014	1	14	26	2	私にできる事であれば\n何なりとお申しつけください	
1-015	1	15	26	2	私にお任せください　必ずや\n成果上げて見せまする	
1-016	1	16	22	2	自信はありませんが、\n命じられるままに・・・	
1-017	1	17	20	1	戦績上げて見せまする	
1-018	1	18	26	2	私にお任せください　必ずや\n戦績上げて見せまする	
1-019	1	19	30	1	武将不在のため軍が消滅しました	
1-020	1	20	34	3	%s%sは戦乱の世にあって花と散り、\nその勢力は歴史の渦に呑まれるように\n消滅した	
1-021	1	21	28	2	%s様、%sにて%sという\n者が登用を志願して参りました	
1-022	1	22	22	2	私をどうか末席に加えて\nくだされ	
1-023	1	23	24	2	微力なれど私の力が何かの\nお役に立てばと・・・	
1-024	1	24	26	2	戦場での働き、誰にもひけは\nとりませぬ	
1-025	1	25	24	3	仁心厚き殿のお噂聞き及び\nご奉公したきものと思うて\n参りました	
1-026	1	26	21	1	この者を登用しますか?	
1-027	1	27	22	3	はっ、ありがたき幸せ！\nこの御恩に報いるべく\n粉骨砕身、仕えまする	
1-028	1	28	22	1	%sが配下に加わりました	
1-029	1	29	22	3	仕方ありませぬな・・・\nご縁がなかったものと\n諦める他ありますまい	
1-030	1	30	24	2	落ち武者となっていた%sが\n%sに戻って参りました	
1-031	1	31	26	2	あまたの敵の目をくぐり抜け\nここまでたどり着きました	
1-032	1	32	22	3	よくぞ無事に戻ってきた\nこれからもわしのために\n働いてくれ	
1-033	1	33	10	1	ははーっ！	
1-034	1	34	20	2	%sの%sが謀反を起こし\n独立勢力となりました	
1-035	1	35	24	1	配下の%sは付き従いました	
1-036	1	36	26	1	配下の%sは従いませんでした	
1-037	1	37	26	2	これからは私の好きにさせて\nもらうとしよう	
1-038	1	38	26	2	あのような者に統治を任せて\nいたのは失敗だった・・	
1-039	1	39	22	1	%sの%sが野に下りました	
1-040	1	40	26	2	もうこれ以上、付き従うこと\nできませぬ！失礼！	
1-041	1	41	16	2	もはやこれまで！\n失礼つかまつる！	
1-042	1	42	24	2	あなたは生来、武門の上に\n立てないお方ですな	
1-043	1	43	24	1	馬鹿者！従えぬなら去れ！	
1-044	1	44	24	1	止めはせぬ！去るがいい！	
1-045	1	45	10	1	くっ・・・	
1-046	1	46	30	2	仏門へ入ること決意しましたゆえ\nおいとまさせてもらいます	
1-047	1	47	32	2	殺めた者たちの御霊をとぶらうため\n出家いたします	
1-048	1	48	24	3	世の無常を感じ、出家を\n決意することとなりました\n失礼します	
1-049	1	49	24	2	うむ・・・そうか・・・・\nそれもよかろう	
1-050	1	50	24	2	うむ・・・そうか・・・・\n行くがよい	
1-051	1	51	20	2	%sの%s、\n%sが出家いたしました	
1-052	1	52	24	3	何とこの世ははかないもの\n・・・今はただ出家して\n後世をとぶらいたい	
1-053	1	53	24	2	仏門に入ることが今の私の\n誓願・・・出家しよう	
1-054	1	54	26	2	世の無常を感じ、出家を\n決意した！皆の者、すまぬ！	
1-055	1	55	32	1	お待ちくだされ！私も付き従います	
1-056	1	56	6	1	私も！	
1-057	1	57	28	3	気持ちは嬉しいがそれはならぬ\n私の代わりに世の平定に\n力を尽くしてくれ	
1-058	1	58	22	1	%s様・・・ううぅ・・・	
1-059	1	59	24	1	%sは出家してしまいました	
1-060	1	60	30	2	%s殿に%sの位を授ける\n他の恩賞はよしなに配分されたし	
1-061	1	61	32	2	%s殿、朝廷より恩賞を授けるゆえ、\n好きに配分されたし	
1-062	1	62	24	2	これはこれはかたじけない\nありがたく頂戴いたします	
1-063	1	63	22	2	さて、皆の者！これより\n論功行賞を行う	
1-064	1	64	40	1	高き官位いただければ嬉しいのですが・・・	
1-065	1	65	50	1	勲功に見合う官位がいただければ嬉しいのですが・・・	
1-066	1	66	52	1	官位をいただき名声を高めて外交に活かしたいと存じます	
1-067	1	67	25	1	どの者に官位を授けますか?	
1-068	1	68	25	1	終了してもよろしいですか?	
1-069	1	69	21	1	どの官位を授けますか?	
1-070	1	70	16	1	勲功が足りません	
1-071	1	71	19	1	%sでよろしいですか?	
1-072	1	72	22	1	与える宝物がありません	
1-073	1	73	54	1	私の働き、必ず見ていてくださると信じていた甲斐があった	
1-074	1	74	30	1	殿の目利き、やはり確かであった	
1-075	1	75	36	1	今後も殿に一層の忠勤を尽くす所存です	
1-076	1	76	36	1	不肖ながらこの恩義、生涯忘れはせぬ！	
1-077	1	77	34	1	一体何を見ていたというのだ！何を！	
1-078	1	78	36	1	何がお気に召さなかったのだろう・・・	
1-079	1	79	28	1	ふう・・・何も言うまい・・・	
1-080	1	80	30	1	次こそ・・・次こそは必ず・・・	
1-081	1	81	22	1	うれしゅうございまする	
1-082	1	82	10	1	ははーっ！	
1-083	1	83	24	1	かたじけのうございまする	
1-084	1	84	24	1	さらなる精進いたしまする	
1-085	1	85	20	3	しかし官位を授けるに\nふさわしい働きをした\n者がいないではないか	
1-086	1	86	30	2	論功終了後、余った官位は朝廷に\n戻されます  よろしいですか?	
1-087	1	87	22	1	官位を朝廷に戻しました	
1-088	1	88	22	1	官位の任官を終了します	
1-089	1	89	24	2	まずは勲功高き者に官位を\n授けることとする	
1-090	1	90	24	2	ではわしの目にかなう者に\n宝物でも授けようか	
1-091	1	91	26	3	宝物でも授けようと思ったが\n物がなくてはのう・・・\n誰かから取り上げるか・・・	
1-092	1	92	25	1	どの者に宝物を与えますか?	
1-093	1	93	22	1	これにて論功を終了する	
1-094	1	94	17	1	何をなさいますか?	
1-095	1	95	20	1	与える物がありません	
1-096	1	96	24	1	取り上げる物がありません	
1-097	1	97	40	1	名馬でもいただければ嬉しいのですが・・・	
1-098	1	98	28	1	何か武具を頂戴したく存じます	
1-099	1	99	30	1	書物に興味がございまして・・・	
1-100	1	100	26	1	美術品なら何でも構いませぬ	
1-101	1	101	28	1	大層なものは望みませぬ・・・	
1-102	1	102	34	1	何をくださるのか楽しみでございます	
1-103	1	103	32	1	家宝となる物がいただければ・・・	
1-104	1	104	17	1	どれを与えますか?	
1-105	1	105	38	1	まさか取り上げるなどということは・・・	
1-106	1	106	22	1	どうかそれだけは・・・	
1-107	1	107	30	1	考え直しては頂けませぬか・・・	
1-108	1	108	16	1	意のままに・・・	
1-109	1	109	21	1	どれを取り上げますか?	
1-110	1	110	24	2	とはいっても、\n宝物を与える者がおらぬか	
1-111	1	111	24	3	さて、皆の者！我が勢力が\n更なる力をつけるために\n何をすればよいと考えるか	
1-112	1	112	28	2	さて、これからどうしようか\nとにかく配下を集めねば・・・	
1-113	1	113	21	1	何について聞きますか?	
1-114	1	114	26	2	まあいいわ、自分で考えると\nしよう	
1-115	1	115	24	3	治安を高めねば朝廷に統治\n能力を疑われてしまいます\n早速手を打ちましょう	
1-116	1	116	24	2	まだ開墾の余地があります\nできるだけ耕しましょう	
1-117	1	117	24	2	町が活気に乏しいのは考え\nものですな・・・	
1-118	1	118	24	3	%sの兵糧が少なく\nなってきました\n留意した方がよろしいかと	
1-119	1	119	26	3	%sの財貨が不足してい\nます  身動きが取れなくなる\n前に何とかしましょう	
1-120	1	120	24	3	内政は適材適所、能力に\n合った使い方をすれば必ず\n良い結果がでるでしょう	
1-121	1	121	24	2	%s殿に%sを\n任せるのは危険かと・・・	
1-122	1	122	18	2	捕虜の%sを歓待して\n登用しましょう	
1-123	1	123	26	3	たいして目立った能力のない\n者は見切りをつけてもいいの\nでは・・・	
1-124	1	124	18	2	%sに商人が来ている\nようです	
1-125	1	125	24	2	全て一任します\n何でも申しつけてください	
1-126	1	126	22	2	内政の折にはどうか私を\nお使いくだされ	
1-127	1	127	26	2	内政は知才の高い者に任せる\nのが無難でしょう	
1-128	1	128	26	3	内政は知才の高い者に任せる\nのが良いとは限りません\n別の要素もあるかと・・・	
1-129	1	129	26	3	人事は積極的に、使える者と\n使えない者を割り切って処遇\nした方がよろしいでしょう	
1-130	1	130	26	3	忠節低き者に裏切られるより\n思い切って解雇してはいかが\nかと・・・	
1-131	1	131	26	3	支配拠点を広げて我が勢力の\n繁栄を広く世間に知らしめま\nしょう	
1-132	1	132	26	3	今攻め込まれては危険です\nできるだけ配下を集めましょ\nう	
1-133	1	133	24	2	%sの守りに不安があり\nます　軍備を固めましょう	
1-134	1	134	20	2	%sの物資が不足してい\nます　補給しましょう	
1-135	1	135	26	3	あまり手を広げすぎるのも\n考えものかと・・・\n時には拠点の整理も必要です	
1-136	1	136	22	2	積極的に軍団を行軍させ\n他勢力を制圧しましょう	
1-137	1	137	22	3	軍団を編成しすぎると\nいざというときの守備が\n手薄になるのでは・・・	
1-138	1	138	14	2	%sは戦場で活躍\nさせましょう	
1-139	1	139	18	1	%sを攻略しましょう	
1-140	1	140	20	2	%sに密偵を送り情報を\n確認しておきましょう	
1-141	1	141	14	2	%sに焼き討ちを\n仕掛けましょう	
1-142	1	142	14	2	%sに扇動を\n仕掛けましょう	
1-143	1	143	22	2	%sの武将に調略を\n仕掛けてはどうでしょう	
1-144	1	144	24	2	全て一任しますゆえ、\n何でも申しつけてください	
1-145	1	145	18	2	どうか私を\n従軍させてください	
1-146	1	146	24	3	合戦は個人の武力だけでは\n限界があります\n兵力を重視しましょう	
1-147	1	147	24	2	計略仕掛ける際には\nどうか私をお使いください	
1-148	1	148	24	3	密偵を送ってから計略を\n仕掛た方が効果が上がると\n存じます	
1-149	1	149	24	2	訓練は随時行い、常に質を\n高めておきましょう	
1-150	1	150	26	3	支配拠点を増やしたら\n武将を前線へ移動させてから\n行軍させてはいかがかと	
1-151	1	151	22	2	%s勢力を懐柔して\n友好関係を深めましょう	
1-152	1	152	24	3	%s勢力との関係を\n改善する必要はありません\n武力を行使しましょう	
1-153	1	153	24	3	%s勢力はなんとか\nして我が勢力下に引き入れ\nましょう	
1-154	1	154	24	3	%s勢力は朝廷と\n仲違いしている様子です\n私たちも気をつけましょう	
1-155	1	155	24	2	朝廷関係を修復することが\n急務かと	
1-156	1	156	26	3	朝廷にもう少し財貨を献上し\nて関係を揺るぎないものにし\nておきましょう	
1-157	1	157	26	2	今、奏上すれば官位が頂ける\nかもしれません	
1-158	1	158	20	2	朝廷への外交は%sに\n任せてはどうでしょう	
1-159	1	159	26	3	敵対している勢力が多数あり\nます　このままでは集中攻撃\nを受けてしまいます	
1-160	1	160	22	2	外交などまだるっこい！\n力で勝負をつけましょう	
1-161	1	161	24	2	全て一任します\n何でも申しつけてください	
1-162	1	162	22	2	外交の折にはどうか私を\nお使いくだされ	
1-163	1	163	26	2	外交は名声の高い者に任せる\nのが無難でしょう	
1-164	1	164	24	3	朝廷との友好関係が深いと\n官位を頂きやすいので常に\n関係を深めておきましょう	
1-165	1	165	26	3	外交で関係を深めても攻撃を\n仕掛けたら関係を修復するの\nに時間がかかります	
1-166	1	166	20	2	豪族は武力で滅ぼして\n一気に統一しましょう	
1-167	1	167	25	1	誰の意見を取り入れますか?	
1-168	1	168	20	1	ありがとうございます	
1-169	1	169	18	2	ありがたきお言葉、\n感謝いたします	
1-170	1	170	26	3	おお！\n聞き入れてくださるとは\n思いもよらなかったわ・・・	
1-171	1	171	26	2	私に目をかけてくださるとは\nありがたい	
1-172	1	172	24	1	%sの忠節が１上がりました	
1-173	1	173	20	2	では、召集を終える！\n各自仕事に励むがよい	
2-000	2	0	26	2	%s様、%sが疫病により被害を\n受けたようです	
2-001	2	1	30	2	%s様、我が軍が疫病による被害を\n受けました	
2-002	2	2	28	2	%s様、%sから兵が離脱している\nようです	
2-003	2	3	32	1	%s様、我が軍から兵が離れています	
2-004	2	4	13	1	攻撃しますか?	
2-005	2	5	16	1	%sを制圧しました	
2-006	2	6	21	1	どの軍を攻撃しますか?	
2-007	2	7	25	1	どの軍ですか?（要財貨50）	
2-008	2	8	15	1	誰に命じますか?	
2-009	2	9	22	1	%sの情報を入手しました	
2-010	2	10	30	1	密偵は捕らえられてしまいました	
2-011	2	11	22	1	海路では実行できません	
2-012	2	12	40	2	落ち武者を%u人見つけましたが抵抗もなく、\n我が勢力への参加を希望しているようです	
2-013	2	13	20	1	よろしくお願いします	
2-014	2	14	20	1	どうぞよろしく・・・	
2-015	2	15	24	1	そうですか・・・残念です	
2-016	2	16	30	1	覚悟を決めていたのですが・・・	
2-017	2	17	26	1	落ち武者を%u人捕らえました	
2-018	2	18	24	2	落ち武者となっていた%sが\n%s勢力に捕まったようです	
2-019	2	19	26	2	付近で落ち武者狩りをします\nよろしいですか?	
2-020	2	20	24	1	何も発見できませんでした	
2-021	2	21	25	2	%s勢力の落ち武者を発見！\nその数%u名、捕らえますか?	
2-022	2	22	12	1	見逃しました	
2-023	2	23	24	2	かっ、返り討ちとは・・・\n散会するぞ！散れっ！	
2-024	2	24	12	1	%sの勝利です	
2-025	2	25	16	1	%sは逃亡しました	
2-026	2	26	26	1	%sは武門の恥と自害しました	
2-027	2	27	26	1	%sも後を追い、自害しました	
2-028	2	28	24	1	捕虜にはできませんでした	
2-029	2	29	20	1	処遇をお決めくだされ	
2-030	2	30	20	2	捕虜になるとも\n簡単には登用されぬぞ	
2-031	2	31	24	2	死ぬよりはましというもの\n・・・	
2-032	2	32	22	1	%sを%sに護送いたします	
2-033	2	33	26	1	ぐぬっ！うおぉぉぉぉ・・・	
2-034	2	34	24	2	ああ・・・このような所で\n朽ち果てようとは・・・	
2-035	2	35	20	2	仰せのとおり、%sの\n首をはねました・・・	
2-036	2	36	28	2	ふんっ！恩に着せたつもりか！\n・・・まあいいだろう	
2-037	2	37	28	2	どうやら貴殿のこと、\n見誤っていたようだ　すまぬ！	
2-038	2	38	26	1	ありがたい！感謝しますぞ！	
2-039	2	39	18	2	仰せのとおり、%sを\n野に解き放ちました	
2-040	2	40	12	1	斬るがよい！	
2-041	2	41	16	1	誰が貴様なぞに！	
2-042	2	42	12	1	無駄だ・・・	
2-043	2	43	18	1	これも定めか・・・	
2-044	2	44	16	1	意のままに・・・	
2-045	2	45	16	1	是非もなく・・・	
2-046	2	46	18	1	仕方あるまい・・・	
2-047	2	47	22	1	%sをわが軍に編入します	
2-048	2	48	20	2	%sを登用しました\n%sにて任につかせます	
2-049	2	49	44	1	宝物を持っていたので棟梁殿の元にお届けします	
2-050	2	50	24	2	落ち武者となっていた%sが\n%s勢力に捕まったようです	
2-051	2	51	24	2	皆、退屈しておろう\n気晴らしに狩猟でもするか	
2-052	2	52	20	1	士気が%u上がりました	
2-053	2	53	24	1	%sの弓術が%u上がりました	
2-054	2	54	22	1	効果がありませんでした	
2-055	2	55	20	1	はっはっは、大猟じゃ	
2-056	2	56	24	2	この辺りにはあまり\n獲物がいないようじゃのう	
2-057	2	57	20	1	私めが一曲演奏しよう	
2-058	2	58	14	2	久しぶりに一句\n詠んでみるか	
2-059	2	59	20	2	%s、兵士たちのために\n一曲奏してはくれぬか	
2-060	2	60	22	2	%s、今の季節に合う歌を\n一句詠んでくれ	
2-061	2	61	20	1	士気が%u上がりました	
2-062	2	62	24	1	%sの優雅が%u上がりました	
2-063	2	63	22	1	効果がありませんでした	
2-064	2	64	26	2	%s殿にその才はありますまい\n是非、私に命じてください	
2-065	2	65	29	2	 んーむ、どうしたらいいものか\n楽器演奏は苦手じゃ・・・	
2-066	2	66	32	1	兵士たちも故郷を離れて寂しかろう	
2-067	2	67	20	1	戦には不安も多かろう	
2-068	2	68	30	1	兵士たちの士気が下がっておるな	
2-069	2	69	24	2	ふーむ・・・１人では落ち\nつかぬのう	
2-070	2	70	11	1	命じますか?	
2-071	2	71	26	2	ここらで兵士たちにやる気を\n起こさせるか	
2-072	2	72	17	1	いくら施しますか?	
2-073	2	73	44	2	成功しました\n燃えさかる荷駄を捨て雑兵が逃げ出しております	
2-074	2	74	36	2	成功しました\n突然の出火に雑兵が逃げ出しております	
2-075	2	75	24	2	成功しました\n荷駄が炎に包まれています	
2-076	2	76	28	2	失敗です\nすぐに鎮火されてしまいました	
2-077	2	77	32	2	成功しました\n%sの兵士たちは動揺しておりますぞ	
2-078	2	78	22	2	失敗です\n%sの結束は堅いようです	
2-079	2	79	46	2	成功しました\n我らのたくらみ通り雑兵たちは逃げ出しております	
2-080	2	80	32	2	失敗です\n%sの配下に見つかってしまいました	
2-081	2	81	48	2	成功しました\n我らが与えた金を持って雑兵たちは散って行きました	
2-082	2	82	34	2	失敗しました\n%sの兵士たちは金では動かぬようです	
2-083	2	83	23	1	財貨をいくら使いますか?	
2-084	2	84	16	1	財貨が足りません	
2-085	2	85	30	2	成功しました\n%sの雑兵が我らに寝返りましたぞ	
2-086	2	86	44	2	失敗しました\n%sの兵士たちは我らの誘いには乗りませんでした	
2-087	2	87	22	1	これ以上調達できません	
2-088	2	88	22	1	%sからは調達できません	
2-089	2	89	19	1	いくら調達しますか?	
2-090	2	90	38	1	財貨%u、兵糧%u、雑兵%u人を調達しました	
2-091	2	91	17	1	%sに帰還しますか?	
2-092	2	92	20	1	%sは%sに帰還しました	
2-093	2	93	25	2	近くに神社を見つけました\n参拝されてはいかがですか?	
2-094	2	94	30	2	ご加護を賜りますならば\nどうか我らに勝利をもたらせ給え	
2-095	2	95	32	2	敬虔な祈りが武将に加護をもたらし\n士気も上がりました	
2-096	2	96	28	1	無常を感じた者もいたようです	
2-097	2	97	13	1	参拝しますか?	
2-098	2	98	38	1	この地の農民が兵糧を%u献上してきました	
2-099	2	99	26	1	ありがたい事だ、感謝するぞ	
2-100	2	100	38	1	この地の民が%uの財貨を献上してきました	
2-101	2	101	26	1	雑兵が%u人志願してきました	
2-102	2	102	15	1	受け入れますか?	
2-103	2	103	26	1	皆寂しそうに引きあげました	
2-104	2	104	26	1	%sの雑兵は%u人になりました	
2-105	2	105	26	3	ここらに湯治所があると聞き\nつけました　立ち寄られては\nどうでしょう	
2-106	2	106	15	1	立ち寄りますか?	
2-107	2	107	28	2	さすがに名湯と言えよう\nたちどころに治ってしまったわ	
2-108	2	108	24	1	兵士の士気が上昇しました	
2-109	2	109	30	1	兵士の気がゆるんでしまいました	
2-110	2	110	32	2	大変です！山賊に包囲されました！\n財貨を%4u要求しています！	
2-111	2	111	16	1	我が軍の勝利です	
2-112	2	112	24	3	くっ、何という有り様だ！\nわしに残されたものは\nもう何もないのか・・・	
2-113	2	113	26	2	なんと！返り討ちとは！\n残ったのはわしだけか・・・	
2-114	2	114	26	1	はっはっはっ、腰抜けどもめ	
2-115	2	115	38	1	濃霧により、はぐれた雑兵がいるようです	
2-116	2	116	42	2	濃霧により、視界が狭くて敵がよく見えません\n士気に影響がでそうです	
2-117	2	117	40	1	崖崩れにより、転落した雑兵がいるようです	
2-118	2	118	34	2	崖崩れにより、足場が悪くなりました\n士気に影響がでそうです	
2-119	2	119	24	2	前方に熊が現れ、我らの\n行く手をふさいでおります	
2-120	2	120	16	2	熊退治はこの%sに\nお任せください	
2-121	2	121	16	2	%sは見事\n熊を退治しました	
2-122	2	122	32	2	%sの勇名が上がりました\n兵士たちの士気も上がったようです	
2-123	2	123	22	2	%sは熊退治に失敗し\n大怪我を負ったようです	
2-124	2	124	16	2	雑兵たちが驚いて\n逃げ出しています	
2-125	2	125	32	2	驚きのあまり肝を冷やした者もいて\n士気に影響がでそうです	
2-126	2	126	32	1	何事もなく熊は立ち去ったようです	
2-127	2	127	46	1	急流に足をとられて物資を川に流してしまいました	
2-128	2	128	30	1	急流に足をとられてしまいました	
2-129	2	129	32	1	渦潮に物資がのまれてしまいました	
2-130	2	130	38	1	渦潮に巻きこまれ、兵が動揺しております	
2-131	2	131	34	1	大変です！海賊の襲撃を受けました！	
2-132	2	132	16	1	我が軍の勝利です	
2-133	2	133	24	1	我らに海で挑むなど笑止！	
2-134	2	134	30	1	海賊などにやられてなるものか！	
2-135	2	135	26	2	どうしたことだ！\n突然、荷駄から火がでたぞ！	
2-136	2	136	30	3	むっ！兵に動揺がみられる・・・\n何かよからぬことでも吹き込まれ\nたのか	
2-137	2	137	28	3	むっ！兵が逃げだしているでは\nないか！何かを恐れているのか\n・・・	
2-138	2	138	26	2	雑兵が減っている気がするが\n何かあったのか・・・	
2-139	2	139	26	2	雑兵が減っている気がするが\n誰かにそそのかされたのか	
2-140	2	140	32	1	春来ぬと 人はいえども うぐいすの	
2-141	2	141	29	1	鳴かぬかぎりは あらじとぞ思ふ	
2-142	2	142	32	1	駒並めて いざ見にゆかん ふる里は	
2-143	2	143	25	1	雪とのみこそ 花は散るらめ	
2-144	2	144	30	1	よしの山 たえず霞の たなびくは	
2-145	2	145	25	1	人に知られぬ 花や咲くらむ	
2-146	2	146	30	1	世の中に たえて桜の なかりせば	
2-147	2	147	23	1	春の心は のどけからまし	
2-148	2	148	30	1	うつせみの 世にも似たるか 花桜	
2-149	2	149	29	1	さくと見しまに かつちりにけり	
2-150	2	150	32	1	花ちらす 風のやどりは たれか知る	
2-151	2	151	25	1	我に教へよ 行きてうらみむ	
2-152	2	152	30	1	久方の ひかりのどけき 春の日に	
2-153	2	153	23	1	しづ心なく 花のちるらむ	
2-154	2	154	34	1	かすみ立ち 木の芽もはるの 雪降れば	
2-155	2	155	23	1	花なき里も 花ぞ散りける	
2-156	2	156	30	1	君ならで たれにかみせん 梅の花	
2-157	2	157	25	1	色をも香をも 知る人ぞ知る	
2-158	2	158	28	1	人はいさ 心も知らず ふる里は	
2-159	2	159	23	1	花ぞ昔の 香ににほひける	
2-160	2	160	32	1	音羽山 けさ越え来れば ほととぎす	
2-161	2	161	27	1	こずえはるかに 今ぞ鳴くなる	
2-162	2	162	26	1	蓮葉の 濁りに染まぬ 心もて	
2-163	2	163	25	1	なにかは露を 玉とあざむく	
2-164	2	164	28	1	天の川 水まさるらし 夏の夜は	
2-165	2	165	25	1	流るる月の よどむまもなし	
2-166	2	166	30	1	つねもなき 夏の草葉に 置く露を	
2-167	2	167	23	1	命とたのむ 蝉のはかなさ	
2-168	2	168	28	1	さ月山 木の下闇に ともす火は	
2-169	2	169	27	1	鹿のたちどの しるべなりけり	
2-170	2	170	30	1	夏山に なくほととぎす 心あらば	
2-171	2	171	29	1	物おもふわれに こえな聞かせそ	
2-172	2	172	34	1	さつきまつ 花たちばなの 香をかげば	
2-173	2	173	21	1	昔の人の 袖の香ぞする	
2-174	2	174	34	1	夏の夜は まだよひながら 明けぬるを	
2-175	2	175	25	1	雲のいずこに 月やどるらん	
2-176	2	176	28	1	夏と秋と 行きかふ空の 通路は	
2-177	2	177	27	1	かたへすずしき 風やふくらん	
2-178	2	178	26	1	時鳥 鳴きつる方を 眺むれば	
2-179	2	179	21	1	ただ有明の 月ぞ残れる	
2-180	2	180	30	1	奥山に もみぢ踏み分け 鳴く鹿の	
2-181	2	181	21	1	声聞く時ぞ 秋は悲しき	
2-182	2	182	30	1	ちはやぶる 神代もきかず 龍田川	
2-183	2	183	27	1	からくれないに 水くくるとは	
2-184	2	184	30	1	折りてみる 袖さえぬるる 女郎花	
2-185	2	185	27	1	露けきものと いまやしるらん	
2-186	2	186	32	1	よもすがら 見てをあかさむ 秋の月	
2-187	2	187	23	1	今宵の空に 雲なからなむ	
2-188	2	188	34	1	我のみや あはれと思はん きりぎりす	
2-189	2	189	21	1	鳴く夕かげの 大和撫子	
2-190	2	190	32	1	吹くからに 秋の草木の しをるれば	
2-191	2	191	27	1	むべ山風を あらしといふらむ	
2-192	2	192	32	1	秋風に あへずちりぬる もみぢばの	
2-193	2	193	27	1	ゆくへさだめぬ 我ぞかなしき	
2-194	2	194	32	1	吹く風の 色のちぐさに 見えつるは	
2-195	2	195	27	1	秋のこのはの ちればなりけり	
2-196	2	196	34	1	秋来ぬと 目にはさやかに 見えねども	
2-197	2	197	25	1	風の音にぞ おどろかれぬる	
2-198	2	198	32	1	木の間より もりくる月の 影見れば	
2-199	2	199	23	1	心づくしの 秋は来にけり	
2-200	2	200	32	1	あさぼらけ 有明の月と 見るまでに	
2-201	2	201	21	1	吉野の里に 降れる白雪	
2-202	2	202	30	1	雪降れば 木毎に花ぞ 咲きにける	
2-203	2	203	27	1	いづれを梅と わきて折らまし	
2-204	2	204	30	1	初時雨 ふれば山辺ぞ おもほゆる	
2-205	2	205	27	1	いづれの方か まづもみづらん	
2-206	2	206	28	1	冬の夜の 池の氷の さやけきは	
2-207	2	207	27	1	月のひかりの みがくなりけり	
2-208	2	208	34	1	ゆきつもる おのが年をば 知らずして	
2-209	2	209	25	1	春をばあすと 聞くぞ嬉しき	
2-210	2	210	32	1	白雪の ところもわかず ふりしけば	
2-211	2	211	27	1	いはほにもさく 花とこそ見れ	
2-212	2	212	30	1	冬ながら 空より花の ちりくるは	
2-213	2	213	27	1	雲のあなたは 春にやあるらむ	
2-214	2	214	28	1	梅の花 それとも見へず 久方の	
2-215	2	215	27	1	あまぎる雪の なべてふれれば	
2-216	2	216	34	1	昨日といひ けふとくらして あすか川	
2-217	2	217	23	1	流れて早き 月日なりけり	
2-218	2	218	30	1	山里は 冬ぞさびしさ まさりける	
2-219	2	219	25	1	人目も草も かれぬと思へば	
3-000	3	0	17	3	守備側  %B2軍\n           対\n    攻撃側  %B1軍	
3-001	3	1	16	1	攻撃側の勝利です	
3-002	3	2	16	1	守備側の勝利です	
3-003	3	3	26	1	勝負は引き分けとなりました	
3-004	3	4	16	1	無念・・・ぐふっ	
3-005	3	5	22	2	%B1の命は、\n戦いの中に散った・・・	
3-006	3	6	24	1	くっ、不覚をとった・・・	
3-007	3	7	16	2	%B1は、\n捕らえられました	
3-008	3	8	22	1	この次はこうはいかぬぞ	
3-009	3	9	18	2	%B1は、\n戦場を離脱しました	
3-010	3	10	20	1	ここはひとまず退けぃ	
3-011	3	11	18	2	%B1隊は、\n戦場を離脱しました	
3-012	3	12	18	2	%B1隊は、\n離脱に失敗しました	
3-013	3	13	16	1	わが弓の腕を見よ	
3-014	3	14	18	1	ぐわっ、誰の遠矢だ	
3-015	3	15	25	1	わが強弓の味はいかがかえ?	
3-016	3	16	28	1	この巴が弓の腕をとくと見よ！	
3-017	3	17	24	1	%B1の弓術が1上昇しました	
3-018	3	18	21	1	%B2の船の水夫を射よ！	
3-019	3	19	26	2	おのれ・・・\n水夫を射るとは卑怯な・・・	
3-020	3	20	12	1	ぐっ、ぐおぉ	
3-021	3	21	20	2	敵将%B2を見事\n遠矢にて射止めたり！	
3-022	3	22	38	2	われこそは%W1%B1なり！\n腕におぼえのある者は、われと勝負せよ！	
3-023	3	23	38	2	われこそは%W1の住人、%B1なり！\n腕におぼえのある者は、われと勝負せよ！	
3-024	3	24	24	2	%B1が%B2に、\n一騎打ちを申し込みました	
3-025	3	25	28	1	%B1様、一騎打ちを受けますか?	
3-026	3	26	25	2	よかろう\nこの%B1が受けてたとうぞ！	
3-027	3	27	25	2	%B2殿が相手なら不足はなし\nお手合わせ願おう	
3-028	3	28	25	1	%B1は一騎打ちを受けました	
3-029	3	29	30	2	貴様が相手ではつりあいがとれぬ\n出直してまいれ	
3-030	3	30	36	2	あいにく相手をできる状況ではござらん\n御免！	
3-031	3	31	25	1	%B1は一騎打ちを断りました	
3-032	3	32	21	2	%B1は勝手に一騎打ちを\n%W1てしまいました！	
3-033	3	33	16	1	ふっ、不覚・・・	
3-034	3	34	16	2	%B1は、\n捕らえられました	
3-035	3	35	6	1	ぐわ～	
3-036	3	36	16	2	%B1は、\n討ち死にしました	
3-037	3	37	13	1	%B1の勝ちです	
3-038	3	38	24	1	%B1の武力が1上昇しました	
3-039	3	39	26	1	%B1の勇名が%D1になりました	
3-040	3	40	20	1	引き分けとなりました	
3-041	3	41	21	1	%N1様でよろしいですな	
3-042	3	42	18	1	一騎打ちを断ります	
3-043	3	43	15	2	この%N1が働きを\nご覧あれ！	
3-044	3	44	16	2	この%N1の力、\n見せてしんぜよう	
3-045	3	45	24	2	見事敵将を討ち取ったなら\n論功ではよしなに	
3-046	3	46	18	2	必ずや敵将の首級、\n上げてみせまする	
3-047	3	47	16	2	この%N1が直々に\n勝負をいたそう！	
3-048	3	48	24	2	よし、敵陣に間者を放って\nかく乱するのだ！	
3-049	3	49	26	2	皆の者落ちつくのだ！\n敵の虚報にかかってはならぬ	
3-050	3	50	20	2	%B1隊は、\n混乱状態となりました	
3-051	3	51	24	2	どうやら敵に\n感づかれたようだな・・・	
3-052	3	52	23	1	%B1の計略は失敗しました	
3-053	3	53	20	2	ようやく混乱状態から\n立ち直ったようじゃな	
3-054	3	54	34	2	ここなら岩を落とすのに絶好の場所、\n岩を落とす用意をせよ！	
3-055	3	55	10	1	う、うわ～	
3-056	3	56	28	2	兵士「%B1様、頃合いの岩が\n見つかりませんでした・・・」	
3-057	3	57	16	1	%B1軍 合戦前行動	
3-058	3	58	29	1	%B1軍の士気は %D1になりました	
3-059	3	59	26	1	者ども、ときの声をあげよ！	
3-060	3	60	20	1	「えい、えい、お－」	
3-061	3	61	27	2	%N1様の勇名をもってすれば、\n軍の士気も高まりましょうぞ	
3-062	3	62	38	1	南無八幡大菩薩、われらにお力を貸し給え	
3-063	3	63	30	2	厳島におわすわれらの守護神よ、\nわれら一門を護り給え	
3-064	3	64	28	1	おお、何やら力が湧いてきたぞ	
3-065	3	65	30	1	ううむ・・・何事も起こらぬわい	
3-066	3	66	43	1	「これも%N1様の深い信心ゆえのことでしょう」	
3-067	3	67	50	1	「どうも日頃の精進が足りなかったようですな・・・」	
3-068	3	68	33	2	%N1様の篤き菩提心をもってすれば、\n軍の士気も高まりましょうぞ	
3-069	3	69	24	1	%B1の菩提が1上昇しました	
3-070	3	70	19	1	それはまことですか?	
3-071	3	71	24	2	あえて何もしないくらいの\n余裕が常になければな	
3-072	3	72	26	2	わしに考えがある\nここはそのまま待機しておれ	
3-073	3	73	18	1	「やんや、やんや」	
3-074	3	74	30	1	では負けずにこちらも一曲・・・	
3-075	3	75	30	1	では負けずにこちらも一首・・・	
3-076	3	76	24	1	では僭越ながら一曲・・・	
3-077	3	77	16	1	では、一首・・・	
3-078	3	78	29	2	%N1様、残念ながらわれらの軍は\n風雅とは程遠い連中ばかりです	
3-079	3	79	32	2	ここは一つ、この%N1自ら\n風雅の何たるかを教えてしんぜよう	
3-080	3	80	21	2	それならば、この%N1に\nお任せいただきたい	
3-081	3	81	24	1	%B1の優雅が1上昇しました	
3-082	3	82	29	2	優雅の道に通じた%N1様ならば、\n軍の士気も高まりましょうぞ	
3-083	3	83	28	2	将一騎で先駆けます\nどなたにお役目申しつけますか	
3-084	3	84	23	2	%B1が名乗りをあげました\nどなたが相手をしますか	
3-085	3	85	32	2	やあやあ、遠からん者は音に聞け、\n近からん者は目にも見よ	
3-086	3	86	22	2	われこそは%W1%B1なり！\nいざ尋常に勝負、勝負！	
3-087	3	87	30	2	われこそは%W1の住人、%B1なり！\nいざ尋常に勝負、勝負！	
3-088	3	88	32	2	あれぞ匹夫の勇というものよ・・・\nかような誘いに乗るではないぞ！	
3-089	3	89	31	1	おのれ・・・怖じ気づいたか%N2！	
3-090	3	90	21	2	%N1様、われらが布陣を\nお決めくだされ	
3-091	3	91	22	2	%N1様、われらが布陣、\nこれでよろしいですかな	
3-092	3	92	17	2	皆の者、\n%B2隊に突撃せよ！	
3-093	3	93	25	2	よしっ、%B2の船に乗り込み\n一気に勝負をつけん！	
3-094	3	94	38	1	くっ、兵が浮き足立っているときに・・・	
3-095	3	95	23	2	機略により敵将%B2を\nこの%B1が生け捕ったぞ！	
3-096	3	96	32	2	や、この士気の下がりようは・・・\nこのままでは兵の統率がとれぬ	
3-097	3	97	26	1	%B1軍の士気が0になりました	
3-098	3	98	24	2	くっ、兵士が壊走している\nここは退くべきか・・・	
3-099	3	99	22	3	われこそは%W1\n%B1なり！誰なり\nとも相手になってやるぞ	
3-100	3	100	22	3	われこそは%W1の住人、\n%B1なり！\n一つお手合わせ願おう！	
3-101	3	101	23	3	われこそは%W1一の剛の者\n%B1なるぞ！\nいざ、お相手願おう！	
3-102	3	102	22	3	われこそは武勇の誉れ\n高き、%B1なり！ \nどなたでもかかって参れ	
3-103	3	103	22	3	木曽の冠者、義仲見参！\n勇気のある奴はかかって\n参れ！！	
3-104	3	104	22	3	われは源義朝が九男、\n九郎義経なるぞ！自慢の\n剣術を披露いたす！	
3-105	3	105	24	3	われが世に名高き悪七兵衛\n景清なり！降参する\nならば今のうちだぞ！	
3-106	3	106	18	3	斉藤別当実盛見参！\n老いたりといえど\nまだまだ負けぬぞ！	
3-107	3	107	24	3	われが義仲様の乳兄弟、\n今井兼平だ！われを討ち取\nる自信のある者はおるか！	
3-108	3	108	22	3	われは義仲様が側妻、巴\nなるぞ！私を討ち取れる\nほどの男はおるか！	
3-109	3	109	24	3	天下一の荒法師、武蔵坊\n弁慶とはわしのこと！自慢\nの力、身をもって知れ！	
3-110	3	110	18	3	われこそは%W1\n%B1なり！いざ\n尋常に勝負、勝負！	
3-111	3	111	21	3	われこそは%W1の住人、\n%B1なり！\n覚悟のほどはよいか！	
3-112	3	112	15	3	%N3軍に%N1あり\nと呼び声高い%B1\nが相手だ！	
3-113	3	113	19	3	われこそは%W1の虎の\n異名を持つ%B1だ！\nさあ、覚悟いたせ！	
3-114	3	114	22	3	そなたなら相手にとって\n不足はない！\n本気で参りますぞ！	
3-115	3	115	20	3	われは%B1と申す\n者、そなたの手の内\n見せてもらいますぞ！	
3-116	3	116	22	2	さすがは%N2殿、\nなかなかやるではないか	
3-117	3	117	18	2	おぬし、なかなかの\n使い手と見た	
3-118	3	118	22	1	そろそろ全力で参るぞ！	
3-119	3	119	18	2	この勝負、とことん\n楽しませてもらうぞ	
3-120	3	120	15	2	どうした?\nもうそれまでか?	
3-121	3	121	18	2	どうした%N2殿、\n息があがっておるぞ	
3-122	3	122	24	2	先ほどまでの威勢のよさは\nどこへ行った?	
3-123	3	123	20	2	早めにそなたの首、\nもらい受けるとしよう	
3-124	3	124	10	1	くっ・・・	
3-125	3	125	18	2	まだまだ、\n勝負はこれからぞ！	
3-126	3	126	16	2	このままでは\n防ぎきれぬ・・・	
3-127	3	127	20	1	まだこの首は渡せん！	
3-128	3	128	21	2	この%N1が渾身の一撃を\n受けてみよ！	
3-129	3	129	22	3	今日のところはここまで\nじゃ！また今度相手を\nしてやろう	
3-130	3	130	18	3	武門の恥なれど\n命には代えられん！\nこれにて御免！	
3-131	3	131	22	3	貴様とやり合っては命が\nいくつあっても足りぬ！\nさらばじゃ！	
3-132	3	132	22	2	敵に背中を見せるとは！\n恥を知れ！	
3-133	3	133	18	2	私から逃げきれると\n思うているのか！	
3-134	3	134	14	2	ふぅ、なんとか\n逃げきれたわ	
3-135	3	135	20	1	この借りは必ず返す！	
3-136	3	136	22	2	かくなるうえは、組打ち\nで勝負をつけようぞ！	
3-137	3	137	20	1	おう、望むところよ！	
3-138	3	138	13	2	どうした\nはや命乞いか?	
3-139	3	139	14	2	そろそろ決着を\nつけるぞ！	
3-140	3	140	14	1	はぁはぁ・・・	
3-141	3	141	14	2	ま、まだ首は\nとらせぬ・・・	
3-142	3	142	18	2	天はわれに味方せず\nか・・・	
3-143	3	143	20	1	さあ、早く首をとれ！	
3-144	3	144	16	2	うっ、もはや\nこれまでか・・・	
3-145	3	145	14	1	む、無念・・・	
3-146	3	146	22	3	貴様の太刀の方が\n一瞬速かった・・・\n私の負けだ・・・ぐふっ	
3-147	3	147	18	3	鬼神との呼び声高き\n%B2を%B1\nが討ち取ったり！	
3-148	3	148	16	3	%W1%B2殿\nをこの%B1が\nお討ち申したぞ！	
3-149	3	149	22	3	皆よ聞け！敵軍の総大将\n%B2を%B1\nが討ち取ったぞ！	
3-150	3	150	16	3	世にも名高き%B2\nを、%W1の住人%B1\nが生け捕ったり！	
3-151	3	151	15	3	敵軍の総大将%B2\nを、%B1が\n生け捕ったぞ！	
3-152	3	152	22	2	もはやここまで\nさあ、早くこの首をとれ	
3-153	3	153	22	3	そなたほどの人物を\nこのまま殺すには惜しい\nここはお逃げなされ	
3-154	3	154	18	3	おお、かたじけない\nここはお言葉に甘え\nさせて頂きますぞ	
3-155	3	155	18	2	くっ、降参するから\n命だけは助けてくれ	
3-156	3	156	20	3	うむ、分かった！\n命だけは助けよう\nさあ、この縄につけ！	
3-157	3	157	18	3	隙あり！\nはっはっは、\nまんまとかかったな	
3-158	3	158	22	2	ぐっ・・・\nなんと卑怯な・・・無念	
3-159	3	159	21	2	%N2殿、勝負は次の機会\nにお預けといたそう！	
3-160	3	160	18	3	承知した！\nそのときこそ\n勝敗を決しようぞ！	
3-161	3	161	20	1	さあ、私の首を取れ！	
3-162	3	162	22	3	（なんと美しい若武者だ\n年はわが子と同じくらい\nであろうか・・・）	
3-163	3	163	24	3	そなたが討たれたと聞けば\n父親もさぞかし悲しむこと\nだろう　ここはお助け申す	
3-164	3	164	22	2	断る！この首を持ち帰り\nそなたの手柄とせよ！	
3-165	3	165	24	3	天晴な若武者よ！お助け\nしたいが近くに我々の\n軍勢がかけつけております	
3-166	3	166	24	3	逃がすことかなわぬならば\nせめてこの直実が後の\n御供養をいたしまする	
3-167	3	167	24	1	ただ早く！早く首を取れ！	
3-168	3	168	22	3	ああ、ついに討ち取って\nしまった・・・\nなんと情けないことだ	
3-169	3	169	24	3	武芸の家に生まれなければ\nこのような憂き目にあう\nこともないだろうに・・	
3-170	3	170	24	2	この兵力差ではわが命運も\nついに尽きたか・・・	
3-171	3	171	26	2	しかしただでは終わらぬぞ！\nわが底力を見せてやるわ！	
3-172	3	172	33	1	この%B1がこの合戦の先陣なるぞ！！	
3-173	3	173	37	1	者ども、この勢いで%N2軍を蹴散らせい！	
4-000	4	0	24	2	平氏の動きが気になるが、\nいかがしたものか・・・	
4-001	4	1	24	3	申し上げます！平氏勢力は\n遠江にまで及んでおります\nまずはこれを叩きましょう	
4-002	4	2	24	3	遠江の平氏を破り、一気に\n清盛のいる福原まで攻め入\nるか・・・	
4-003	4	3	28	3	いえ、我らと平氏方との兵力を\n思えば無理はできませぬ\nまずは坂東で力を蓄えましょう	
4-004	4	4	28	2	止むをえん、ここは無理をせず\n機会を待つとするか	
4-005	4	5	28	3	頼朝は坂東にて支配の手を広げ\n始めたようだな。何としても\n阻止せねばならん	
4-006	4	6	30	2	申し上げます！遠江から兵を出し\n鎌倉の頼朝の虚をつきましょう	
4-007	4	7	24	3	甲斐にいる武田の動きも\n気になるところだが・・・\nそれより頼朝じゃ！	
4-008	4	8	28	2	木曽にいる源義仲も源氏の血を\n引く者だとのことです	
4-009	4	9	30	3	ふん、まあ気にするほどの者でも\nあるまいて。まずは坂東の源氏を\n平定するのじゃ	
4-010	4	10	28	2	一日も早くこの地を従えて京へ\n上り、平氏を攻め滅ぼそうぞ！	
4-011	4	11	28	2	すでに源頼朝殿は坂東の支配を\n固めつつあります	
4-012	4	12	30	2	うーむ、わしも負けてはおれん！\n兵の増強を急がねば！	
4-013	4	13	26	2	仕度がととのい次第、越後へ\n参りましょう	
4-014	4	14	20	2	北陸なら平氏の守りも\n手薄に違いないからな	
4-015	4	15	28	2	源氏の嫡流、源頼朝が坂東で\n平氏打倒の兵を挙げたそうだが	
4-016	4	16	24	2	清盛公は頼朝追討の構えを\n取る様子です	
4-017	4	17	24	2	ふむ、源氏と平氏が争うて\nいる限り奥州は安泰じゃ	
4-018	4	18	28	2	源氏に平氏の盾となってもらう\nわけですか	
4-019	4	19	24	2	うむ、その間に我々は力を\n蓄えるというわけじゃ	
4-020	4	20	28	2	義仲が入京を果たしたそうだな\n先を越されたか・・・	
4-021	4	21	26	2	しかし京で数々の狼藉を働き\n評判は芳しくありません	
4-022	4	22	18	1	平氏の様子はどうだ	
4-023	4	23	26	2	都を離れ、西海に逃げ落ちた\nとのことです	
4-024	4	24	28	2	平氏を滅ぼすのはこのわしじゃ\n義仲の好きにはさせん	
4-025	4	25	30	2	我が一門が都を後にせねばならん\nとは落ちぶれたものだ	
4-026	4	26	24	2	西海で力を蓄え、再び都に\n凱旋いたしましょう	
4-027	4	27	24	2	しかし義仲がこれ程までに\n力をつけるとは・・・	
4-028	4	28	20	2	所詮は木曽の田舎武士\n長くはもちますまい	
4-029	4	29	22	2	総力を挙げて義仲を叩き\nつぶしてくれるわい	
4-030	4	30	24	1	ついに入京を果たしたぞ！	
4-031	4	31	26	2	義仲様、都で我が勢力の\n兵達が狼藉を働いております	
4-032	4	32	24	3	やつらの活躍があったから\nこそ、入京できたのだ\n好きにさせておけ	
4-033	4	33	26	2	しかし朝廷はお怒りのご様子\nです	
4-034	4	34	26	3	京から平氏を追いだしたのは\n我らだ！朝廷から指図される\nいわれはない！	
4-035	4	35	28	2	まさか義仲が\n平氏を追い詰めるとはな・・・	
4-036	4	36	24	2	義経殿はまだ活躍の機会を\n与えられていない様子です	
4-037	4	37	24	2	じきに義経殿の名は全国に\n知れ渡るであろう	
4-038	4	38	22	1	我らは動かないのですか	
4-039	4	39	22	2	当分は静観しておくのが\nよいだろう	
4-040	4	40	24	2	平氏との決戦の日も近いな\n軍備の充実を急がねば	
4-041	4	41	26	3	平氏は西海にて再建を図って\nいます、今のうちに叩き\nましょう	
4-042	4	42	26	2	なるべく海戦は避けたいもの\nだが・・・	
4-043	4	43	26	2	操船に長けている者がいれば\nよいのですが	
4-044	4	44	18	2	構わぬ、陸路沿いに\n敵を囲むのだ	
4-045	4	45	28	3	この地を新たな拠点としてから\n軍力も十分に回復した。京に\n凱旋する日も近いであろう	
4-046	4	46	28	2	義仲の滅んだ今は頼朝打倒こそ\n我らの本望です	
4-047	4	47	28	3	うむ、頼朝の軍が攻めてきたら\n海中深く葬り去って\nくれようぞ！	
4-048	4	48	28	2	海戦ならば我が軍に一日の長が\nありますからな	
4-049	4	49	24	3	常に軍を派遣できるよう\n軍備を整えておくのじゃ\n皆、気を引き締めるがよい	
4-050	4	50	24	3	源氏の勢いは強い、我々も\n平氏のように源氏に追いつ\nめられるときがくるのか	
4-051	4	51	26	3	平氏は西海にて再建を図って\nいます。このままでは終わり\nますまい	
4-052	4	52	24	3	しかし平氏が滅べば\n次に狙われるのは我らだ\nその前に何か手を打たねば	
4-053	4	53	26	1	義経殿とも戦うのでしょうか	
4-054	4	54	18	2	できればそれだけは\n避けたいが・・・	
4-055	4	55	26	2	義経め、わしに敵対するとは\n許せん！討伐してくれるわ！	
4-056	4	56	22	1	誰を差し向けましょうか	
4-057	4	57	20	3	相手が義経とあっては\n万全を期して臨まねば\nならぬだろう	
4-058	4	58	28	3	兵力の差は歴然です。義経殿と\nいえど、どうする事もできない\nでしょう	
4-059	4	59	24	2	うむ、あとは奥州の動きが\n気になるところだ・・・	
4-060	4	60	26	3	兄上はわしの戦功を無視して\n追放しようというのか・・・\n兄弟の仲もこれまでだ！	
4-061	4	61	24	3	義経様こそ平氏追討の真の\n功労者、その力を存分に\n見せつけてやりましょうぞ	
4-062	4	62	24	1	誰であろうと容赦はせぬ！	
4-063	4	63	22	2	しかし京を戦火にさらす\nわけにはいきません	
4-064	4	64	20	2	うむ、ここはひとまず\n京を離れるか・・・	
4-065	4	65	24	2	いよいよ源氏の世も近いな\n・・・	
4-066	4	66	28	2	源氏の手がこの奥州に伸びて\nくるのも時間の問題かと・・・	
4-067	4	67	24	2	義経殿が頼朝殿と仲たがい\nしたそうだが	
4-068	4	68	22	2	頼朝殿は冷酷なお方です\n信用なりません	
4-069	4	69	28	1	義経殿、無事だといいが・・・	
4-070	4	70	20	2	兄上が挙兵したとの報\n聞き及びました	
4-071	4	71	26	2	そなたのことじゃ、いても\nたってもおられぬのであろう	
4-072	4	72	28	2	源氏再興のため、兄上のもとに\n馳せ参じたいと存じます	
4-073	4	73	24	2	うむ、そうするがよい\n何人か供の者をつかわそう	
4-074	4	74	14	1	かたじけない！	
4-075	4	75	26	1	そなたの武運を祈っておるぞ	
4-076	4	76	40	1	源義経以下%u名が藤原秀衡の元を離れました	
4-077	4	77	28	1	頼朝様、義経様が参られました	
4-078	4	78	28	3	兄上、幼少より離ればなれに\nなっていた牛若にございます\n今より兄の陣に加えてくだされ	
4-079	4	79	28	3	うむ、よくぞ参った\nともに平氏を討ち、父の無念を\nはらそうぞ！	
4-080	4	80	26	1	かならずや、平氏めを・・・	
4-081	4	81	34	1	源義経が頼朝勢力に加わったようです	
4-082	4	82	32	1	源義経が藤原秀衡の元を離れました	
4-083	4	83	26	3	京の治安が乱れているようだ\n・・・京に都を戻し、治安を\n平定して源氏を迎え討つか	
4-084	4	84	27	1	都を福原から京に戻しますか?	
4-085	4	85	18	1	京へ都を戻しました	
4-086	4	86	26	2	京の不穏な動き、一掃して\nくれるわ！平氏の力を見よ！	
4-087	4	87	24	1	京の治安が%u上がりました	
4-088	4	88	28	3	うう、熱い、熱い、体が焼ける\nように熱い！誰か、誰かおらぬ\nか！	
4-089	4	89	22	1	いかがなされたのですか	
4-090	4	90	24	3	わしはもう長くない・・・\nただ想い残すは頼朝めの\n首を見なかったことだ	
4-091	4	91	24	1	しっかりなさってください	
4-092	4	92	28	3	すぐに頼朝を討ち、その首を\n我が墓前に供えよ！それが\n何よりの供養となろう！ううっ	
4-093	4	93	12	1	殿！　殿！！	
4-094	4	94	12	1	ち、父上！！	
4-095	4	95	26	3	者ども、静かに近づくのだ\n・・・あっ、しまった、水鳥\nが！	
4-096	4	96	26	3	なんだこのざわめきは！\n源氏の大軍か！ええい者ども\n静まれ！逃げるでない！	
4-097	4	97	26	1	%s軍は離散してしまいました	
4-098	4	98	26	2	何と！戦わずして勝つとは\nもうけものよ、はっはっはっ	
4-099	4	99	26	1	%s軍の士気が%u上がりました	
4-100	4	100	22	2	よし、者ども、四方から\nときの声をあげよ！	
4-101	4	101	28	3	なっ何だ！源氏の大軍か！\nこんなはずはない！\n皆、落ちつけ！うわっ、崖が！	
4-102	4	102	18	1	%s軍は壊滅しました	
4-103	4	103	30	1	見たか！大勝利だ！はっはっはっ	
4-104	4	104	30	2	者ども、この崖を一気に下るぞ！\nわしに続け！	
4-105	4	105	28	2	むっ、源氏の軍勢が背後から！\n皆、落ちつけ！迎え討て！	
4-106	4	106	26	3	むっ、向こうから船が一艘\nこちらに・・・船の先に\n扇がつけられているが・・・	
4-107	4	107	28	3	あの扇を射よと言うのか・・・\n誰かあの扇を射ることのできる\n者はおらぬか！	
4-108	4	108	22	2	那須与一が殊に弓術に\n優れているとの評判です	
4-109	4	109	24	2	どうだ与一、見事あの扇を\n射ってみよ！	
4-110	4	110	26	2	当たるかどうか分かりません\nが、やってみましょう	
4-111	4	111	26	2	南無八幡大菩薩・・・\nどうかあの扇を射させたまえ	
4-112	4	112	26	2	よし、よくやった！\nそれっ！奴らを蹴散らせー！	
4-113	4	113	24	2	与一という名の者が弓術に\n優れていると聞きました	
4-114	4	114	24	2	与一はおらぬか！\n確かわが軍にいたはずだが	
4-115	4	115	20	1	私をお呼びでしょうか	
4-116	4	116	32	2	お主が特に弓術に優れていると\n聞いた　見事あの扇を射ってみよ！	
4-117	4	117	30	3	私が特に優れているということは\nございません　誰か他の者にやら\nせてはどうでしょう	
4-118	4	118	24	2	この義経の命が聞けぬなら\n去るがいい！	
4-119	4	119	18	3	・・・分かりました\n自信はありませんが\nやってみましょう	
4-120	4	120	26	2	なに！外したのか！\n弓の名手ともあろうものが！	
4-121	4	121	22	2	申し訳ございません\n私には荷が重すぎました	
4-122	4	122	30	1	殿上にて　源義仲、法皇との対面	
4-123	4	123	28	3	平氏追討の功績により、義仲を\n左馬頭に任じる。配下の者にも\n各々官位を与えよう	
4-124	4	124	20	2	ははっ\nありがとうございます	
4-125	4	125	26	1	陣中にて　叔父行家との会話	
4-126	4	126	28	2	これは叔父君、いかがしました\n浮かぬ顔をして・・・	
4-127	4	127	28	3	義仲様は平氏を西へ追いやった\n功労者ですぞ、たかが左馬頭の\n位ごときで満足されるとは	
4-128	4	128	28	2	では叔父君は、どうすればよい\nと申されるのですか	
4-129	4	129	28	3	将軍の位をいただいた上で\n平氏どもの官位をすべて解いて\nしまうのがよろしいかと・・・	
4-130	4	130	23	2	行家の策にしたがって\n平氏の官位を解きますか?	
4-131	4	131	28	2	源義仲の上奏により\n平氏一門の官位が解かれました	
4-132	4	132	26	3	ここに平氏一門の官位を解く\nまた、左馬頭源義仲を\n「朝日将軍」に任ずる	
4-133	4	133	28	2	われらの官位を解くとは・・・\n平氏代々の奉公を忘れおって！	
4-134	4	134	26	2	義仲の山猿め、いまに平氏の\n恐さを思い知らせてやる！	
4-135	4	135	28	3	わしは左馬頭の位で充分に満足\nしておる。それに、平氏をそこ\nまで追い詰めることもなかろう	
4-136	4	136	30	3	左様でございますか・・・\n義仲様は心やさしゅうございます\nなぁ・・・	
4-137	4	137	26	1	義仲の菩提が%u上昇しました	
